Title,Date,Title2
Queer Eye,3/5/22,Queer Eye: Season 3: Lost Boy
Queer Eye,3/5/22,Queer Eye: Season 3: From Hunter to Huntee
Queer Eye,3/4/22,Queer Eye: Season 6: The Mis-Inspiration of Reggie Devore
Queer Eye,3/2/22,Queer Eye: Season 6: A Legend in the Baking
Queer Eye,3/1/22,Queer Eye: Season 6: Gimme Shelter
Queer Eye,2/28/22,Queer Eye: Season 6: Snow White of Central Texas
Queer Eye,2/28/22,Queer Eye: Season 6: Community Allied
Queer Eye,2/26/22,Queer Eye: Season 6: Craw-Zaddy
Queer Eye,2/26/22,Queer Eye: Season 6: A Night to Remember
Queer Eye,2/26/22,Queer Eye: Season 6: No More Bull
Queer Eye,2/25/22,Queer Eye: Season 6: Angel Gets Her Wings
Queer Eye,2/25/22,Queer Eye: Season 6: Showdown at the Broken Spoke
The DUFF,2/25/22,The DUFF
Sweet Magnolias,2/23/22,"Sweet Magnolias: Season 2: If Thou Wilt, Remember"
Sweet Magnolias,2/23/22,Sweet Magnolias: Season 2: Dear Heart
Sweet Magnolias,2/23/22,Sweet Magnolias: Season 2: The Rules of the Game
Sweet Magnolias,2/23/22,Sweet Magnolias: Season 2: Fragile Things
Sweet Magnolias,2/21/22,Sweet Magnolias: Season 2: Find It in Your Heart
Sweet Magnolias,2/20/22,Sweet Magnolias: Season 2: Great Expectations
Sweet Magnolias,2/19/22,Sweet Magnolias: Season 2: Walk of Faith
Sweet Magnolias,2/18/22,Sweet Magnolias: Season 2: The More Things Change
Sweet Magnolias,2/17/22,Sweet Magnolias: Season 2: So Much to Say
Sweet Magnolias,2/17/22,Sweet Magnolias: Season 2: Casseroles and Casualties
Sweet Magnolias,2/17/22,Sweet Magnolias: Season 1: Storms and Rainbows
Sweet Magnolias,2/16/22,Sweet Magnolias: Season 1: Where You Find Me
Sweet Magnolias,2/16/22,Sweet Magnolias: Season 1: What Fools These Mortals Be
Sweet Magnolias,2/13/22,Sweet Magnolias: Season 1: Hold My Hand
Sweet Magnolias,2/13/22,Sweet Magnolias: Season 1: All Best Intentions
Sweet Magnolias,2/13/22,"Sweet Magnolias: Season 1: Dance First, Think Later"
Sweet Magnolias,2/12/22,Sweet Magnolias: Season 1: Lay It All Down
Sweet Magnolias,2/12/22,Sweet Magnolias: Season 1: Give Drink to the Thirsty
Sweet Magnolias,2/11/22,Sweet Magnolias: Season 1: A United Front
Sweet Magnolias,2/11/22,Sweet Magnolias: Season 1: Pour It Out
Too Hot to Handle,2/11/22,Too Hot to Handle: Season 3: No Pleasure Island
Cheer,2/11/22,Cheer: Season 2: Daytona Pt. 1: Don't Be That Guy
Too Hot to Handle,2/10/22,Too Hot to Handle: Season 2: I Did Not See That Coming
The Tinder Swindler,2/8/22,The Tinder Swindler
Too Hot to Handle,2/8/22,Too Hot to Handle: Season 2: Green Lights and Hot Nights
Too Hot to Handle,2/8/22,Too Hot to Handle: Season 2: Money down the Drain
Too Hot to Handle,2/8/22,Too Hot to Handle: Season 2: Misters over Sisters
Too Hot to Handle,2/7/22,Too Hot to Handle: Season 2: Give Up the Chase
Too Hot to Handle,2/6/22,Too Hot to Handle: Season 2: An Offer You Can’t Refuse
Too Hot to Handle,2/6/22,Too Hot to Handle: Season 2: Resist Everything… Except Temptation
Too Hot to Handle,2/5/22,Too Hot to Handle: Season 2: On Est dans la Merde
Too Hot to Handle,2/5/22,Too Hot to Handle: Season 2: You Gotta Watch Out for Pete
Too Hot to Handle,2/5/22,Too Hot to Handle: Season 2: C**kblocked by a Cone
Too Hot to Handle,2/5/22,"Too Hot to Handle: Season 1: Love, Sex or Money"
Too Hot to Handle,2/4/22,Too Hot to Handle: Season 3: Out With A Bang
Too Hot to Handle,2/4/22,Too Hot to Handle: Season 3: Paradise Purgatory
Too Hot to Handle,2/4/22,Too Hot to Handle: Season 3: Reaching Rock Bottom
Too Hot to Handle,2/4/22,Too Hot to Handle: Season 3: Yoni Live Once
Too Hot to Handle,2/4/22,Too Hot to Handle: Season 3: Triple Threat
Too Hot to Handle,2/4/22,Too Hot to Handle: Season 3: The Summer of '69
Too Hot to Handle,2/3/22,Too Hot to Handle: Season 3: Eat My Shorts
Too Hot to Handle,2/1/22,Too Hot to Handle: Season 3: The Truth Hurts
Too Hot to Handle,2/1/22,Too Hot to Handle: Season 3: The Midnight Train to Georgia
Cheer,1/31/22,Cheer: Season 2: Daytona Pt. 2: If the Judges Disagree
Cheer,1/30/22,Cheer: Season 2: Mining for Tenths
Cheer,1/30/22,Cheer: Season 2: Tumbling
Cheer,1/29/22,Cheer: Season 2: Jerry
Cheer,1/29/22,Cheer: Season 2: Hell Week
Cheer,1/29/22,Cheer: Season 2: Dracut Girl
Cheer,1/28/22,Cheer: Season 2: Here's to We
Cheer,1/24/22,Cheer: Season 2: Everybody Hopes
Cheer,1/20/22,Cheer: Season 1: Daytona
Cheer,1/20/22,Cheer: Season 1: Full Out
Cheer,1/19/22,Cheer: Season 1: Hit Zero
Cheer,1/19/22,"Cheer: Season 1: Blood, Sweat and Cheers"
Cheer,1/18/22,Cheer: Season 1: Making Mat
Cheer,1/18/22,Cheer: Season 1: God Blessed Texas
Single’s Inferno,1/17/22,Single’s Inferno: Season 1: Episode 1
Never Have I Ever,1/16/22,Never Have I Ever: Season 2: ... been a perfect girl
Never Have I Ever,1/16/22,Never Have I Ever: Season 2: ... stalked my own mother
Never Have I Ever,1/15/22,Never Have I Ever: Season 2: ... been Daisy Buchanan
Never Have I Ever,1/14/22,Never Have I Ever: Season 2: ... begged for forgiveness
Never Have I Ever,1/14/22,Never Have I Ever: Season 2: ... betrayed a friend
Never Have I Ever,1/14/22,Never Have I Ever: Season 2: ... ruined someone's life
Never Have I Ever,1/14/22,Never Have I Ever: Season 2: ... had an Indian frenemy
Never Have I Ever,1/14/22,Never Have I Ever: Season 2: ... opened a textbook
Never Have I Ever,1/14/22,Never Have I Ever: Season 2: ... thrown a rager
Never Have I Ever,1/14/22,Never Have I Ever: Season 2: ... been a playa
Never Have I Ever,1/13/22,Never Have I Ever: Season 1: ... said I'm sorry
Never Have I Ever,1/13/22,Never Have I Ever: Season 1: ... had to be on my best behavior
Never Have I Ever,1/13/22,Never Have I Ever: Season 1: ... gotten drunk with the popular kids
Never Have I Ever,1/13/22,Never Have I Ever: Season 1: ... pissed off everyone I know
Never Have I Ever,1/13/22,"Never Have I Ever: Season 1: ... been a big, fat liar"
Never Have I Ever,1/13/22,Never Have I Ever: Season 1: ... been the loneliest boy in the world
Never Have I Ever,1/13/22,Never Have I Ever: Season 1: ... started a nuclear war
Never Have I Ever,1/13/22,Never Have I Ever: Season 1: ... felt super Indian
Never Have I Ever,1/12/22,Never Have I Ever: Season 1: ... had sex with Paxton Hall-Yoshida
Never Have I Ever,1/12/22,Never Have I Ever: Season 1: Pilot
Queer Eye,1/10/22,Queer Eye: Season 4: Farm to Able
Cobra Kai,1/10/22,Cobra Kai: Season 4: The Rise
Cobra Kai,1/10/22,Cobra Kai: Season 4: The Fall
Cobra Kai,1/10/22,Cobra Kai: Season 4: Party Time
Cobra Kai,1/10/22,Cobra Kai: Season 4: Minefields
Cobra Kai,1/8/22,Cobra Kai: Season 4: Kicks Get Chicks
Cobra Kai,1/8/22,Cobra Kai: Season 4: Match Point
Cobra Kai,1/8/22,Cobra Kai: Season 4: Bicephaly
Cobra Kai,1/7/22,Cobra Kai: Season 4: Then Learn Fly
Cobra Kai,1/5/22,Cobra Kai: Season 4: First Learn Stand
Cobra Kai,1/5/22,Cobra Kai: Season 4: Let's Begin
Cobra Kai,1/5/22,Cobra Kai: Season 2: Back in Black
The Great British Baking Show,12/28/21,The Great British Baking Show: Holidays: Season 3: The Great Christmas Baking Show
The Great British Baking Show,12/28/21,The Great British Baking Show: Holidays: Season 4: The Great New Year Baking Show
Cobra Kai,12/28/21,"Cobra Kai: Season 2: Mercy, Part II"
Cobra Kai,12/28/21,Cobra Kai: Season 1: Mercy
Cobra Kai,12/28/21,Cobra Kai: Season 1: Different But Same
Cobra Kai,12/28/21,Cobra Kai: Season 1: Molting
Cobra Kai,12/28/21,Cobra Kai: Season 1: All Valley
Cobra Kai,12/28/21,Cobra Kai: Season 1: Quiver
Cobra Kai,12/28/21,Cobra Kai: Season 1: Counterbalance
Cobra Kai,12/28/21,Cobra Kai: Season 1: Cobra Kai Never Dies
The Great British Baking Show,12/25/21,The Great British Baking Show: Holidays: Season 4: The Great Christmas Baking Show
Community,12/24/21,Community: Season 1: Physical Education
Community,12/24/21,Community: Season 1: Communication Studies
Community,12/23/21,Community: Season 1: Romantic Expressionism
Queer Eye,12/21/21,Queer Eye: Season 4: Soldier Returns Home
Avatar,12/20/21,Avatar: The Last Airbender: Book 3: The Boiling Rock
Avatar,12/20/21,Avatar: The Last Airbender: Book 3: The Firebending Masters
Avatar,12/20/21,Avatar: The Last Airbender: Book 3: The Western Air Temple
Avatar,12/20/21,Avatar: The Last Airbender: Book 3: Day of the Black Sun
Avatar,12/20/21,Avatar: The Last Airbender: Book 3: Nightmares and Daydreams
Avatar,12/20/21,Avatar: The Last Airbender: Book 3: The Puppetmaster
Avatar,12/20/21,Avatar: The Last Airbender: Book 3: The Runaway
Avatar,12/20/21,Avatar: The Last Airbender: Book 3: The Avatar and the Firelord
Avatar,12/20/21,Avatar: The Last Airbender: Book 3: The Beach
Avatar,12/20/21,Avatar: The Last Airbender: Book 3: Sokka's Master
Avatar,12/20/21,Avatar: The Last Airbender: Book 3: The Painted Lady
Avatar,12/20/21,Avatar: The Last Airbender: Book 3: The Headband
Queer Eye,12/17/21,Queer Eye: Season 4: A Tale of Two Cultures
Community,12/17/21,Community: Season 1: Interpretive Dance
Community,12/17/21,Community: Season 1: Investigative Journalism
Community,12/17/21,Community: Season 1: Comparative Religion
Community,12/17/21,Community: Season 1: Environmental Science
Cobra Kai,12/15/21,Cobra Kai: Season 1: Esqueleto
Cobra Kai,12/15/21,Cobra Kai: Season 1: Strike First
Cobra Kai,12/15/21,Cobra Kai: Season 1: Ace Degenerate
Avatar,12/14/21,Avatar: The Last Airbender: Book 3: The Awakening
Avatar,12/12/21,Avatar: The Last Airbender: Book 1: Winter Solstice: Part 1: The Spirit World
Avatar,12/12/21,Avatar: The Last Airbender: Book 1: Imprisoned
Avatar,12/12/21,Avatar: The Last Airbender: Book 1: The Boy in the Iceberg
Queer Eye,12/12/21,Queer Eye: Season 4: On Golden Kenny
Queer Eye,12/8/21,Queer Eye: Season 4: How Wanda Got Her Groove Back
Queer Eye,12/4/21,Queer Eye: Season 4: Stoner Skates By
School of Chocolate,12/1/21,School of Chocolate: Season 1: The Best in Class Is...
School of Chocolate,12/1/21,School of Chocolate: Season 1: Give Me Some Sugar
School of Chocolate,11/30/21,School of Chocolate: Season 1: Flying Chocolate
School of Chocolate,11/30/21,School of Chocolate: Season 1: Bittersweet Surprises
School of Chocolate,11/29/21,School of Chocolate: Season 1: Chocolate Hanging by a Thread
School of Chocolate,11/28/21,School of Chocolate: Season 1: Make It Ooze
School of Chocolate,11/28/21,School of Chocolate: Season 1: Dessert Deception
School of Chocolate,11/28/21,School of Chocolate: Season 1: Breaking Molds and Bending Chocolate
Queer Eye,11/28/21,Queer Eye: Season 4: Disabled but Not Really
Sex Education,11/19/21,Sex Education: Season 3: Episode 8
Sex Education,11/16/21,Sex Education: Season 3: Episode 7
Sex Education,11/16/21,Sex Education: Season 3: Episode 6
Sex Education,11/15/21,Sex Education: Season 3: Episode 5
Sex Education,11/15/21,Sex Education: Season 3: Episode 4
Sex Education,11/14/21,Sex Education: Season 3: Episode 3
Sex Education,11/14/21,Sex Education: Season 3: Episode 2
Sex Education,11/14/21,Sex Education: Season 2: Episode 8
Sex Education,11/14/21,Sex Education: Season 3: Episode 1
Sex Education,11/13/21,Sex Education: Season 2: Episode 7
Hunter X Hunter (2011),11/13/21,Hunter X Hunter (2011): Season 1: Departure x and x Friends
Sex Education,11/11/21,Sex Education: Season 2: Episode 6
Sex Education,11/11/21,Sex Education: Season 2: Episode 5
Sex Education,11/10/21,Sex Education: Season 2: Episode 4
Sex Education,11/10/21,Sex Education: Season 2: Episode 3
Lady Bird,11/10/21,Lady Bird
Sex Education,11/10/21,Sex Education: Season 2: Episode 2
Sex Education,11/10/21,Sex Education: Season 2: Episode 1
Sex Education,11/9/21,Sex Education: Season 1: Episode 8
Sex Education,11/9/21,Sex Education: Season 1: Episode 7
Sex Education,11/9/21,Sex Education: Season 1: Episode 6
Sex Education,11/9/21,Sex Education: Season 1: Episode 5
Sex Education,11/9/21,Sex Education: Season 1: Episode 4
Community,11/9/21,Community: Season 1: Debate 109
Community,11/8/21,Community: Season 1: Home Economics
Community,11/8/21,"Community: Season 1: Football, Feminism and You"
Community,11/8/21,Community: Season 1: Advanced Criminal Law
Sex Education,11/8/21,Sex Education: Season 1: Episode 3
Sex Education,11/8/21,Sex Education: Season 1: Episode 2
Sex Education,11/8/21,Sex Education: Season 1: Episode 1
Inside Job,11/7/21,Inside Job: Part 1: Unpresidented
Great News,11/6/21,Great News: Season 2: Early Retirement
Great News,11/5/21,Great News: Season 2: The Fast Track
Great News,11/5/21,Great News: Season 2: Competing Offer
Great News,11/5/21,Great News: Season 2: Catfight
Great News,11/5/21,Great News: Season 2: Love Is Dead
Great News,11/5/21,Great News: Season 2: Sensitivity Training
Great News,11/5/21,Great News: Season 2: A Christmas Carol Wendelson
Great News,11/5/21,Great News: Season 2: Pool Show
Great News,11/4/21,Great News: Season 2: Night of the Living Screen
Great News,11/4/21,Great News: Season 2: Award Show
Great News,11/4/21,Great News: Season 2: Honeypot!
Great News,11/4/21,Great News: Season 2: Squad Feud
Great News,11/4/21,Great News: Season 2: Boardroom Bitch
Great News,11/3/21,Great News: Season 1: Carol's Eleven
Great News,11/3/21,Great News: Season 1: Carol Has a Bully
Great News,11/3/21,Great News: Season 1: Celebrity Hacking Scandal
Great News,11/2/21,Great News: Season 1: The Red Door
Great News,11/2/21,Great News: Season 1: Serial Arsonist
Great News,11/2/21,Great News: Season 1: Snowmaggedon of the Century
Great News,11/2/21,Great News: Season 1: War Is Hell
Great News,11/2/21,Great News: Season 1: Chuck Pierce Is Blind
Great News,11/2/21,Great News: Season 1: Bear Attack
Great News,11/2/21,Great News: Season 1: Pilot
Community,11/1/21,Community: Season 1: Social Psychology
Community,11/1/21,Community: Season 1: Introduction to Film
Community,10/30/21,Community: Season 1: Spanish 101
Community,10/29/21,Community: Season 1: Community
Cowboy Bebop,10/28/21,Cowboy Bebop: Season 1: Asteroid Blues
Inside Job,10/27/21,Inside Job: Part 1: Inside Reagan
Inside Job,10/27/21,Inside Job: Part 1: Mole Hunt
Inside Job,10/26/21,Inside Job: Part 1: Buzzkill
Inside Job,10/26/21,Inside Job: Part 1: Ghost Protocol
Inside Job,10/26/21,Inside Job: Part 1: My Big Flat Earth Wedding
Inside Job,10/26/21,Inside Job: Part 1: The Brettfast Club
Inside Job,10/25/21,Inside Job: Part 1: Sex Machina
Inside Job,10/25/21,Inside Job: Part 1: Blue Bloods
Inside Job,10/25/21,Inside Job: Part 1: Clone Gunman
Maya and the Three,10/22/21,Maya and the Three: Limited Series: Chapter 1: Quinceañera
Squid Game,10/22/21,"Squid Game: Season 1: Red Light, Green Light"
New Girl,10/21/21,New Girl: Season 7: Engram Pattersky
New Girl,10/21/21,New Girl: Season 7: The Curse of the Pirate Bride
New Girl,10/20/21,New Girl: Season 7: Mario
New Girl,10/20/21,New Girl: Season 7: Godparents
New Girl,10/20/21,New Girl: Season 7: Where the Road Goes
New Girl,10/19/21,New Girl: Season 7: Lillypads
New Girl,10/19/21,New Girl: Season 7: Tuesday Meeting
New Girl,10/19/21,New Girl: Season 7: About Three Years Later
New Girl,10/17/21,New Girl: Season 6: Five Stars for Beezus
New Girl,10/17/21,New Girl: Season 6: San Diego
New Girl,10/17/21,New Girl: Season 6: Misery
New Girl,10/17/21,New Girl: Season 6: Socalyalcon VI
New Girl,10/16/21,New Girl: Season 6: Young Adult
New Girl,10/16/21,New Girl: Season 6: Rumspringa
New Girl,10/16/21,New Girl: Season 6: Operation: Bobcat
New Girl,10/16/21,New Girl: Season 6: Glue
New Girl,10/16/21,New Girl: Season 6: The Hike
New Girl,10/16/21,New Girl: Season 6: Cece's Boys
New Girl,10/16/21,New Girl: Season 6: The Cubicle
New Girl,10/16/21,New Girl: Season 6: Raisin's Back
New Girl,10/16/21,New Girl: Season 6: Christmas Eve Eve
New Girl,10/15/21,New Girl: Season 6: Es Good
New Girl,10/15/21,New Girl: Season 6: James Wonder
New Girl,10/15/21,New Girl: Season 6: Last Thanksgiving
New Girl,10/15/21,New Girl: Season 6: Ready
New Girl,10/15/21,New Girl: Season 6: Jaipur Aviv
New Girl,10/15/21,New Girl: Season 6: Homecoming
New Girl,10/15/21,New Girl: Season 6: Single and Sufficient
New Girl,10/15/21,New Girl: Season 6: Hubbedy Bubby
New Girl,10/15/21,New Girl: Season 6: House Hunt
New Girl,10/15/21,New Girl: Season 5: Landing Gear
New Girl,10/14/21,New Girl: Season 5: Wedding Eve
New Girl,10/14/21,New Girl: Season 5: Return to Sender
New Girl,10/14/21,New Girl: Season 5: Dress
New Girl,10/14/21,New Girl: Season 5: A Chill Day In
New Girl,10/14/21,New Girl: Season 5: Road Trip
New Girl,10/14/21,New Girl: Season 5: Helmet
New Girl,10/14/21,New Girl: Season 5: Jeff Day
New Girl,10/14/21,New Girl: Season 5: 300 Feet
New Girl,10/14/21,"New Girl: Season 5: Sam, Again"
New Girl,10/13/21,New Girl: Season 5: D-Day
New Girl,10/13/21,New Girl: Season 5: The Apartment
New Girl,10/13/21,New Girl: Season 5: Goosebumps Walkaway
New Girl,10/13/21,New Girl: Season 5: Heat Wave
New Girl,10/13/21,New Girl: Season 5: The Decision
New Girl,10/13/21,New Girl: Season 5: Wig
New Girl,10/13/21,New Girl: Season 5: Reagan
New Girl,10/13/21,New Girl: Season 5: Bob & Carol & Nick & Schmidt
New Girl,10/13/21,New Girl: Season 5: No Girl
New Girl,10/13/21,New Girl: Season 5: Jury Duty
New Girl,10/13/21,New Girl: Season 5: What About Fred
New Girl,10/13/21,New Girl: Season 5: Big Mama P
New Girl,10/12/21,New Girl: Season 4: Clean Break
New Girl,10/12/21,New Girl: Season 4: Panty Gate
New Girl,10/12/21,New Girl: Season 4: Par 5
New Girl,10/12/21,New Girl: Season 4: The Right Thing
New Girl,10/12/21,New Girl: Season 4: Walk of Shame
New Girl,10/10/21,New Girl: Season 4: Spiderhunt
New Girl,10/10/21,New Girl: Season 4: Oregon
New Girl,10/9/21,New Girl: Season 4: The Crawl
New Girl,10/9/21,New Girl: Season 4: Swuit
New Girl,10/9/21,New Girl: Season 4: Coming Out
New Girl,10/8/21,New Girl: Season 4: Shark
New Girl,10/8/21,New Girl: Season 4: LAXmas
New Girl,10/7/21,New Girl: Season 4: Girl Fight
New Girl,10/7/21,New Girl: Season 4: Thanksgiving IV
New Girl,10/7/21,New Girl: Season 4: Teachers
New Girl,10/7/21,New Girl: Season 4: Goldmine
New Girl,10/7/21,New Girl: Season 4: Background Check
New Girl,10/4/21,New Girl: Season 4: Landline
New Girl,10/4/21,New Girl: Season 4: Micro
New Girl,10/4/21,New Girl: Season 4: Julie Berkman's Older Sister
New Girl,10/4/21,New Girl: Season 4: Dice
New Girl,10/4/21,New Girl: Season 4: The Last Wedding
New Girl,10/4/21,New Girl: Season 3: Cruise
New Girl,10/2/21,New Girl: Season 3: Dance
New Girl,10/1/21,New Girl: Season 3: Big News
New Girl,10/1/21,New Girl: Season 3: Sister III
New Girl,9/30/21,New Girl: Season 3: Sister II
New Girl,9/30/21,New Girl: Season 3: Sister
New Girl,9/30/21,New Girl: Season 3: Exes
New Girl,9/30/21,New Girl: Season 3: Prince
New Girl,9/29/21,New Girl: Season 3: Birthday
New Girl,9/26/21,New Girl: Season 3: Basketsball
New Girl,9/26/21,New Girl: Season 3: Clavado En Un Bar
New Girl,9/26/21,New Girl: Season 3: Thanksgiving III
New Girl,9/25/21,New Girl: Season 3: Menus
New Girl,9/25/21,New Girl: Season 3: Coach
New Girl,9/24/21,New Girl: Season 3: Keaton
New Girl,9/24/21,New Girl: Season 3: The Box
New Girl,9/24/21,New Girl: Season 3: The Captain
New Girl,9/24/21,New Girl: Season 3: Double Date
New Girl,9/24/21,New Girl: Season 3: Nerd
New Girl,9/24/21,New Girl: Season 3: All In
New Girl,9/24/21,New Girl: Season 2: Elaine's Big Day
New Girl,9/23/21,New Girl: Season 2: Winston's Birthday
New Girl,9/23/21,New Girl: Season 2: Virgins
New Girl,9/23/21,New Girl: Season 2: Bachelorette Party
New Girl,9/23/21,New Girl: Season 2: First Date
New Girl,9/23/21,New Girl: Season 2: Chicago
New Girl,9/23/21,New Girl: Season 2: Quick Hardening Caulk
New Girl,9/23/21,New Girl: Season 2: Tinfinity
New Girl,9/23/21,New Girl: Season 2: Parking Spot
New Girl,9/21/21,New Girl: Season 2: Table 34
New Girl,9/21/21,New Girl: Season 2: Cooler
New Girl,9/21/21,New Girl: Season 2: Pepperwood
Freedom Writers,9/21/21,Freedom Writers
New Girl,9/20/21,New Girl: Season 2: A Father's Love
New Girl,9/20/21,New Girl: Season 2: Cabin
New Girl,9/19/21,New Girl: Season 2: Santa
New Girl,9/19/21,New Girl: Season 2: Bathtub
New Girl,9/19/21,New Girl: Season 2: Eggs
New Girl,9/19/21,New Girl: Season 2: Parents
New Girl,9/17/21,New Girl: Season 2: Menzies
New Girl,9/17/21,New Girl: Season 2: Halloween
New Girl,9/17/21,New Girl: Season 2: Models
New Girl,9/17/21,New Girl: Season 2: Neighbors
New Girl,9/17/21,New Girl: Season 2: Fluffer
New Girl,9/17/21,New Girl: Season 2: Katie
New Girl,9/17/21,New Girl: Season 2: Re-Launch
New Girl,9/17/21,New Girl: Season 1: See Ya
New Girl,9/16/21,New Girl: Season 1: Backslide
New Girl,9/15/21,New Girl: Season 1: Tomatoes
New Girl,9/15/21,New Girl: Season 1: Kids
New Girl,9/15/21,New Girl: Season 1: Normal
New Girl,9/15/21,New Girl: Season 1: Secrets
New Girl,9/15/21,"New Girl: Season 1: Fancyman, Part 2"
New Girl,9/14/21,"New Girl: Season 1: Fancyman, Part 1"
New Girl,9/14/21,New Girl: Season 1: Control
New Girl,9/14/21,New Girl: Season 1: Injured
New Girl,9/13/21,New Girl: Season 1: Bully
New Girl,9/13/21,New Girl: Season 1: Valentine's Day
New Girl,9/13/21,New Girl: Season 1: The Landlord
New Girl,9/13/21,New Girl: Season 1: Jess and Julia
New Girl,9/13/21,New Girl: Season 1: The Story of the 50
New Girl,9/13/21,New Girl: Season 1: The 23rd
New Girl,9/13/21,New Girl: Season 1: Bad in Bed
New Girl,9/10/21,New Girl: Season 1: Bells
New Girl,9/9/21,New Girl: Season 1: Thanksgiving
New Girl,9/9/21,New Girl: Season 1: Cece Crashes
New Girl,9/9/21,New Girl: Season 1: Naked
New Girl,9/9/21,New Girl: Season 1: Wedding
New Girl,9/9/21,New Girl: Season 1: Kryptonite
New Girl,9/6/21,New Girl: Season 1: Pilot
He's All That,9/2/21,He's All That
Kim's Convenience,8/30/21,Kim's Convenience: Season 1: Ddong Chim
Food Wars!,8/26/21,Food Wars!: Shokugeki no Soma: An Endless Wasteland
Girlboss,8/24/21,Girlboss: Season 1: Sophia
The Mirror Has Two Faces,8/21/21,The Mirror Has Two Faces
Gilmore Girls,8/21/21,Gilmore Girls: A Year in the Life: Limited Series: Fall
Gilmore Girls,8/19/21,Gilmore Girls: Season 1: The Lorelais' First Day at Chilton
Gilmore Girls,8/18/21,Gilmore Girls: A Year in the Life: Limited Series: Summer
Gilmore Girls,8/18/21,Gilmore Girls: A Year in the Life: Limited Series: Spring
Gilmore Girls,8/17/21,Gilmore Girls: Season 1: Pilot
Gilmore Girls,8/17/21,Gilmore Girls: A Year in the Life: Limited Series: Winter
Gilmore Girls,8/17/21,Gilmore Girls: Season 7: Bon Voyage
Gilmore Girls,8/17/21,Gilmore Girls: Season 7: Unto the Breach
Gilmore Girls,8/16/21,Gilmore Girls: Season 7: Lorelai? Lorelai?
Gilmore Girls,8/16/21,Gilmore Girls: Season 7: It's Just Like Riding a Bike
Gilmore Girls,8/16/21,Gilmore Girls: Season 7: Hay Bale Maze
Gilmore Girls,8/16/21,Gilmore Girls: Season 7: Gilmore Girls Only
Gilmore Girls,8/16/21,Gilmore Girls: Season 7: Will You Be My Lorelai Gilmore?
Gilmore Girls,8/16/21,"Gilmore Girls: Season 7: I'm a Kayak, Hear Me Roar"
Gilmore Girls,8/13/21,"Gilmore Girls: Season 7: Farewell, My Pet"
Gilmore Girls,8/13/21,Gilmore Girls: Season 7: I'd Rather Be in Philadelphia
Gilmore Girls,8/13/21,Gilmore Girls: Season 7: To Whom It May Concern
Gilmore Girls,8/12/21,Gilmore Girls: Season 7: Santa's Secret Stuff
Gilmore Girls,8/12/21,Gilmore Girls: Season 7: French Twist
Gilmore Girls,8/12/21,Gilmore Girls: Season 7: Go Bulldogs!
Gilmore Girls,8/12/21,Gilmore Girls: Season 7: The Great Stink
Gilmore Girls,8/11/21,"Gilmore Girls: Season 7: 'S Wonderful, 'S Marvelous"
Gilmore Girls,8/11/21,Gilmore Girls: Season 7: Lorelai's First Cotillion
Gilmore Girls,8/11/21,"Gilmore Girls: Season 7: That's What You Get, Folks, For Makin' Whoopie"
Gilmore Girls,8/11/21,Gilmore Girls: Season 7: The Long Morrow
Gilmore Girls,8/11/21,Gilmore Girls: Season 6: Partings
Gilmore Girls,8/11/21,Gilmore Girls: Season 6: Driving Miss Gilmore
Gilmore Girls,8/10/21,Gilmore Girls: Season 6: Super Cool Party People
Gilmore Girls,8/10/21,Gilmore Girls: Season 6: I Get a Sidekick out of You
Gilmore Girls,8/10/21,Gilmore Girls: Season 6: The Real Paul Anka
Gilmore Girls,8/9/21,"Gilmore Girls: Season 6: I'm OK, You're OK"
Gilmore Girls,8/9/21,Gilmore Girls: Season 6: Bridesmaids Revisited
Gilmore Girls,8/9/21,Gilmore Girls: Season 6: A Vineyard Valentine
Gilmore Girls,8/9/21,Gilmore Girls: Season 6: You've Been Gilmored
Gilmore Girls,8/9/21,Gilmore Girls: Season 6: Friday Night's Alright for Fighting
Gilmore Girls,8/9/21,Gilmore Girls: Season 6: Just Like Gwen and Gavin
Gilmore Girls,8/9/21,Gilmore Girls: Season 6: The Perfect Dress
Gilmore Girls,8/9/21,Gilmore Girls: Season 6: He's Slippin' 'Em Bread ... Dig?
Gilmore Girls,8/9/21,Gilmore Girls: Season 6: The Prodigal Daughter Returns
Gilmore Girls,8/9/21,Gilmore Girls: Season 6: Let Me Hear Your Balalaikas Ringing Out
Gilmore Girls,8/9/21,Gilmore Girls: Season 6: Twenty-One is the Loneliest Number
Gilmore Girls,8/8/21,Gilmore Girls: Season 6: Welcome to the Dollhouse
Gilmore Girls,8/8/21,Gilmore Girls: Season 6: We've Got Magic to Do
Gilmore Girls,8/8/21,"Gilmore Girls: Season 6: Always a Godmother, Never a God"
Gilmore Girls,8/8/21,Gilmore Girls: Season 6: The Ungraduate
Gilmore Girls,8/8/21,Gilmore Girls: Season 6: Fight Face
Gilmore Girls,8/8/21,Gilmore Girls: Season 6: New and Improved Lorelai
Gilmore Girls,8/8/21,Gilmore Girls: Season 5: A House is Not a Home
Gilmore Girls,8/7/21,Gilmore Girls: Season 5: Blame Booze and Melville
Gilmore Girls,8/7/21,Gilmore Girls: Season 5: How Many Kropogs to Cape Cod?
Gilmore Girls,8/7/21,Gilmore Girls: Season 5: But I'm a Gilmore
Gilmore Girls,8/7/21,Gilmore Girls: Season 5: To Live and Let Diorama
Gilmore Girls,8/6/21,Gilmore Girls: Season 5: Pulp Friction
Gilmore Girls,8/6/21,Gilmore Girls: Season 5: So...Good Talk
Gilmore Girls,8/6/21,Gilmore Girls: Season 5: Jews and Chinese Food
Gilmore Girls,8/6/21,Gilmore Girls: Season 5: Say Something
Gilmore Girls,8/6/21,Gilmore Girls: Season 5: Wedding Bell Blues
Gilmore Girls,8/6/21,Gilmore Girls: Season 5: Come Home
Gilmore Girls,8/6/21,Gilmore Girls: Season 5: Women of Questionable Morals
Gilmore Girls,8/6/21,Gilmore Girls: Season 5: But Not As Cute As Pushkin
Gilmore Girls,8/5/21,Gilmore Girls: Season 5: Emily Says 'Hello'
Gilmore Girls,8/5/21,Gilmore Girls: Season 5: The Party's Over
Gilmore Girls,8/5/21,"Gilmore Girls: Season 5: You Jump, I Jump, Jack"
Gilmore Girls,8/5/21,"Gilmore Girls: Season 5: Norman Mailer, I'm Pregnant"
Gilmore Girls,8/5/21,Gilmore Girls: Season 5: We Got Us a Pippi Virgin
Gilmore Girls,8/4/21,"Gilmore Girls: Season 5: Tippecanoe and Taylor, Too"
Gilmore Girls,8/4/21,Gilmore Girls: Season 4: Luke Can See Her Face
Gilmore Girls,8/4/21,Gilmore Girls: Season 5: Written in the Stars
Gilmore Girls,8/4/21,Gilmore Girls: Season 5: Say Goodbye to Daisy Miller
Gilmore Girls,8/4/21,Gilmore Girls: Season 4: Raincoats & Recipes
Gilmore Girls,8/4/21,"Gilmore Girls: Season 4: Last Week Fights, This Week Tights"
Gilmore Girls,8/4/21,Gilmore Girls: Season 4: Afterboom
Gilmore Girls,8/4/21,"Gilmore Girls: Season 4: Tick, Tick, Tick Boom"
Gilmore Girls,8/3/21,"Gilmore Girls: Season 4: Girls in Bikinis, Boys Doin' the Twist"
Gilmore Girls,8/3/21,Gilmore Girls: Season 4: The Reigning Lorelai
Gilmore Girls,8/3/21,Gilmore Girls: Season 4: Scene in a Mall
Gilmore Girls,8/3/21,Gilmore Girls: Season 4: The Incredible Sinking Lorelais
Gilmore Girls,8/3/21,Gilmore Girls: Season 4: Nag Hammadi Is Where They Found the Gnostic Gospels
Gilmore Girls,8/2/21,Gilmore Girls: Season 4: A Family Matter
Gilmore Girls,8/2/21,Gilmore Girls: Season 4: In the Clamor and the Clangor
Gilmore Girls,8/2/21,Gilmore Girls: Season 4: The Nanny and the Professor
Gilmore Girls,8/2/21,Gilmore Girls: Season 4: Ted Koppel's Big Night Out
Gilmore Girls,8/2/21,"Gilmore Girls: Season 4: Die, Jerk"
Gilmore Girls,8/2/21,Gilmore Girls: Season 4: The Festival of Living Art
Gilmore Girls,8/2/21,Gilmore Girls: Season 4: An Affair to Remember
Gilmore Girls,8/1/21,Gilmore Girls: Season 4: The Fundamental Things Apply
Gilmore Girls,8/1/21,Gilmore Girls: Season 4: Chicken or Beef?
Gilmore Girls,7/31/21,"Gilmore Girls: Season 4: The Hobbit, the Sofa and Digger Stiles"
Gilmore Girls,7/31/21,Gilmore Girls: Season 4: The Lorelais' First Day at Yale
Gilmore Girls,7/31/21,Gilmore Girls: Season 4: Ballrooms & Biscotti
Gilmore Girls,7/30/21,"Gilmore Girls: Season 3: Those Are Strings, Pinocchio"
Gilmore Girls,7/30/21,Gilmore Girls: Season 3: Here Comes the Son
Gilmore Girls,7/30/21,"Gilmore Girls: Season 3: Say Goodnight, Gracie"
Gilmore Girls,7/30/21,Gilmore Girls: Season 3: Keg! Max!
Gilmore Girls,7/30/21,Gilmore Girls: Season 3: A Tale of Poes and Fire
Gilmore Girls,7/30/21,"Gilmore Girls: Season 3: Happy Birthday, Baby"
Gilmore Girls,7/30/21,Gilmore Girls: Season 3: The Big One
Gilmore Girls,7/30/21,Gilmore Girls: Season 3: Face-Off
Gilmore Girls,7/29/21,Gilmore Girls: Season 3: Swan Song
Gilmore Girls,7/29/21,Gilmore Girls: Season 3: Dear Emily and Richard
Gilmore Girls,7/29/21,Gilmore Girls: Season 3: Lorelai Out of Water
Gilmore Girls,7/29/21,Gilmore Girls: Season 3: I Solemnly Swear...
Gilmore Girls,7/29/21,"Gilmore Girls: Season 3: That'll Do, Pig"
Gilmore Girls,7/29/21,Gilmore Girls: Season 3: A Deep-Fried Korean Thanksgiving
Gilmore Girls,7/29/21,Gilmore Girls: Season 3: Let the Games Begin
Gilmore Girls,7/28/21,"Gilmore Girls: Season 3: They Shoot Gilmores, Don't They?"
Gilmore Girls,7/28/21,Gilmore Girls: Season 3: Take the Deviled Eggs...
Gilmore Girls,7/28/21,Gilmore Girls: Season 3: Eight O'Clock at the Oasis
Gilmore Girls,7/28/21,Gilmore Girls: Season 3: One's Got Class and the Other One Dyes
Gilmore Girls,7/28/21,Gilmore Girls: Season 3: Application Anxiety
Gilmore Girls,7/28/21,Gilmore Girls: Season 3: Haunted Leg
Gilmore Girls,7/28/21,Gilmore Girls: Season 3: Lazy-Hazy-Crazy Days
Gilmore Girls,7/27/21,Gilmore Girls: Season 2: I Can't Get Started
Gilmore Girls,7/27/21,Gilmore Girls: Season 2: Lorelai's Graduation Day
Gilmore Girls,7/27/21,Gilmore Girls: Season 2: Help Wanted
Gilmore Girls,7/27/21,Gilmore Girls: Season 2: Teach Me Tonight
Gilmore Girls,7/27/21,Gilmore Girls: Season 2: Back in the Saddle Again
Gilmore Girls,7/27/21,Gilmore Girls: Season 2: Dead Uncles & Vegetables
Gilmore Girls,7/27/21,Gilmore Girls: Season 2: There's the Rub
Gilmore Girls,7/27/21,Gilmore Girls: Season 2: Lost & Found
Gilmore Girls,7/27/21,Gilmore Girls: Season 2: It Should've Been Lorelai
Gilmore Girls,7/27/21,"Gilmore Girls: Season 2: A-Tisket, A-Tasket"
Gilmore Girls,7/27/21,Gilmore Girls: Season 2: Richard in Stars Hollow
Gilmore Girls,7/26/21,Gilmore Girls: Season 2: Presenting Lorelai Gilmore
Gilmore Girls,7/26/21,Gilmore Girls: Season 2: Secrets and Loans
Gilmore Girls,7/26/21,Gilmore Girls: Season 2: The Bracebridge Dinner
Gilmore Girls,7/26/21,Gilmore Girls: Season 2: Run Away Little Boy
Gilmore Girls,7/26/21,Gilmore Girls: Season 2: The Ins & Outs of Inns
Gilmore Girls,7/26/21,"Gilmore Girls: Season 2: Like Mother, Like Daughter"
Gilmore Girls,7/25/21,Gilmore Girls: Season 2: Nick & Nora/Sid & Nancy
Gilmore Girls,7/24/21,Gilmore Girls: Season 2: The Road Trip to Harvard
Gilmore Girls,7/24/21,Gilmore Girls: Season 2: Red Light on the Wedding Night
Gilmore Girls,7/23/21,Gilmore Girls: Season 2: Hammers and Veils
Gilmore Girls,7/23/21,"Gilmore Girls: Season 2: Sadie, Sadie..."
Gilmore Girls,7/23/21,"Gilmore Girls: Season 1: Love, Daisies and Troubadours"
Gilmore Girls,7/23/21,Gilmore Girls: Season 1: P.S. I Lo...
Gilmore Girls,7/23/21,Gilmore Girls: Season 1: Emily in Wonderland
Gilmore Girls,7/23/21,Gilmore Girls: Season 1: The Third Lorelai
Gilmore Girls,7/23/21,"Gilmore Girls: Season 1: The Breakup, Part II"
Gilmore Girls,7/23/21,Gilmore Girls: Season 1: Star-Crossed Lovers and Other Strangers
Gilmore Girls,7/23/21,Gilmore Girls: Season 1: Christopher Returns
Gilmore Girls,7/23/21,Gilmore Girls: Season 1: That Damn Donna Reed
Gilmore Girls,7/22/21,Gilmore Girls: Season 1: Concert Interruptus
Gilmore Girls,7/22/21,Gilmore Girls: Season 1: Double Date
Gilmore Girls,7/22/21,Gilmore Girls: Season 1: Paris is Burning
Gilmore Girls,7/22/21,Gilmore Girls: Season 1: Forgiveness and Stuff
Gilmore Girls,7/22/21,Gilmore Girls: Season 1: Rory's Dance
Gilmore Girls,7/22/21,Gilmore Girls: Season 1: Love & War & Snow
Gilmore Girls,7/22/21,Gilmore Girls: Season 1: Kiss and Tell
Gilmore Girls,7/21/21,Gilmore Girls: Season 1: Rory's Birthday Parties
Gilmore Girls,7/21/21,Gilmore Girls: Season 1: Cinnamon's Wake
Gilmore Girls,7/21/21,Gilmore Girls: Season 1: The Deer Hunters
Gilmore Girls,7/21/21,Gilmore Girls: Season 1: Kill Me Now
Hunt for the Wilderpeople,7/20/21,Hunt for the Wilderpeople
Breaking Bad,7/20/21,Breaking Bad: Season 1: Pilot
Kim's Convenience,7/20/21,Kim's Convenience: Season 1: Janet's Photos
Kim's Convenience,7/20/21,Kim's Convenience: Season 1: Gay Discount
Attack on Titan,7/18/21,"Attack on Titan: Season 1: To You, After 2,000 Years: The Fall of Shiganshina, Part 1"
The Great British Baking Show,7/18/21,The Great British Baking Show: Collection 8: Cake Week
America's Next Top Model,7/18/21,America's Next Top Model: Season 19: The Girl Who Makes the Grade
Kim's Convenience,7/18/21,Kim's Convenience: Season 5: Family Business
Kim's Convenience,7/18/21,Kim's Convenience: Season 5: Hugs & Prayers
Love Is Blind,7/18/21,Love Is Blind: Season 1: Last Night in Paradise
Love Is Blind,7/17/21,Love Is Blind: Season 1: Couples Retreat
Love Is Blind,7/17/21,Love Is Blind: Season 1: First Night Together
Love Is Blind,7/17/21,Love Is Blind: Season 1: Will You Marry Me?
Love Is Blind,7/16/21,Love Is Blind: Season 1: Is Love Blind?
Terminator 2,7/16/21,Terminator 2: Judgment Day
Kim's Convenience,7/15/21,Kim's Convenience: Season 5: Matchy Matchy
Kim's Convenience,7/15/21,Kim's Convenience: Season 5: Who's Pranking Who?
Kim's Convenience,7/15/21,Kim's Convenience: Season 5: Field of Schemes
Kim's Convenience,7/15/21,Kim's Convenience: Season 5: Slippery Slope
Kim's Convenience,7/15/21,Kim's Convenience: Season 5: Chance Encounter
Kim's Convenience,7/15/21,Kim's Convenience: Season 5: Cookie Monster
Kim's Convenience,7/15/21,Kim's Convenience: Season 5: A Tangled Web
Kim's Convenience,7/15/21,Kim's Convenience: Season 5: Tennis Anyone?
Kim's Convenience,7/15/21,Kim's Convenience: Season 5: Appa & Linus
Kim's Convenience,7/15/21,Kim's Convenience: Season 5: Channouncements
Kim's Convenience,7/15/21,Kim's Convenience: Season 5: Parking Pass
Kim's Convenience,7/14/21,Kim's Convenience: Season 4: Bon Voyage
Kim's Convenience,7/14/21,Kim's Convenience: Season 4: Knife Strife
Kim's Convenience,7/14/21,Kim's Convenience: Season 4: Birds of a Feather
Kim's Convenience,7/14/21,Kim's Convenience: Season 4: In the Bedroom
The Circle,7/14/21,The Circle: Season 1: Face-to-Face
Kim's Convenience,7/13/21,Kim's Convenience: Season 4: Which Witch is Which
Kim's Convenience,7/13/21,Kim's Convenience: Season 4: Chammo!
Kim's Convenience,7/13/21,Kim's Convenience: Season 4: Beacon of Truth
Kim's Convenience,7/13/21,Kim's Convenience: Season 4: Soccer Dad
Kim's Convenience,7/13/21,Kim's Convenience: Season 4: Thinkin’ ‘bout Inkin’
Kim's Convenience,7/13/21,Kim's Convenience: Season 4: Happy Ummaversary
Kim's Convenience,7/13/21,Kim's Convenience: Season 4: The Help
Kim's Convenience,7/13/21,Kim's Convenience: Season 4: Couch Surfing
Kim's Convenience,7/13/21,Kim's Convenience: Season 4: The Trollop
Kim's Convenience,7/13/21,Kim's Convenience: Season 3: Lord of the Ring
Kim's Convenience,7/13/21,Kim's Convenience: Season 3: Hit 'n' Fun
Kim's Convenience,7/12/21,Kim's Convenience: Season 3: Appanticitis
Kim's Convenience,7/12/21,Kim's Convenience: Season 3: Elephant in the Room
Kim's Convenience,7/12/21,Kim's Convenience: Season 3: Blabber Talker
Kim's Convenience,7/12/21,Kim's Convenience: Season 3: To Him It May Concern
Kim's Convenience,7/12/21,Kim's Convenience: Season 3: Appanoon Delight
Kim's Convenience,7/11/21,Kim's Convenience: Season 3: The Kim Cup
Kim's Convenience,7/11/21,Kim's Convenience: Season 3: Army Spoon
Spotlight,7/11/21,Spotlight
Kim's Convenience,7/10/21,Kim's Convenience: Season 3: Thy Neighbour's Wifi
Kim's Convenience,7/10/21,Kim's Convenience: Season 3: Open Kimunication
Kim's Convenience,7/10/21,Kim's Convenience: Season 3: Cutie Pie
Kim's Convenience,7/10/21,Kim's Convenience: Season 3: New Appa-liance
Kim's Convenience,7/10/21,Kim's Convenience: Season 2: Handy Graduation
Kim's Convenience,7/10/21,Kim's Convenience: Season 2: Appa’s First Text
Kim's Convenience,7/9/21,Kim's Convenience: Season 2: Good Neighbours
Kim's Convenience,7/9/21,Kim's Convenience: Season 2: Janet’s Boyfriend
Kim's Convenience,7/9/21,Kim's Convenience: Season 2: New TV
Kim's Convenience,7/9/21,Kim's Convenience: Season 2: Silent Auction
Kim's Convenience,7/9/21,Kim's Convenience: Season 2: Sneak Attack
Kim's Convenience,7/9/21,Kim's Convenience: Season 2: Resting Place
Kim's Convenience,7/9/21,Kim's Convenience: Season 2: Date Night
Kim's Convenience,7/9/21,Kim's Convenience: Season 2: Cardboard Jung
Kim's Convenience,7/9/21,Kim's Convenience: Season 2: House Guest
Kim's Convenience,7/9/21,Kim's Convenience: Season 2: Business Award
Kim's Convenience,7/9/21,Kim's Convenience: Season 2: Janet’s Roommate
Kim's Convenience,7/9/21,Kim's Convenience: Season 1: Family Singing Contest
Kim's Convenience,7/9/21,Kim's Convenience: Season 1: Appa's Lump
Kim's Convenience,7/8/21,Kim's Convenience: Season 1: Handyman
Kim's Convenience,7/8/21,Kim's Convenience: Season 1: Janet's New Job
Kim's Convenience,7/7/21,Kim's Convenience: Season 1: Best Before
Kim's Convenience,7/7/21,Kim's Convenience: Season 1: Hapkido
Kim's Convenience,7/7/21,Kim's Convenience: Season 1: Rude Kid
Kim's Convenience,7/7/21,Kim's Convenience: Season 1: Service
Kim's Convenience,7/6/21,Kim's Convenience: Season 1: Wingman
Kim's Convenience,7/6/21,Kim's Convenience: Season 1: Frank & Nayoung
"Nevertheless,",7/6/21,"Nevertheless,: Season 1: It’s Not Only Me. Nevertheless,"
"Nevertheless,",7/6/21,"Nevertheless,: Season 1: There’s No Such Thing as Fate. Nevertheless,"
Queer Eye,7/3/21,Queer Eye: We're in Japan!: Season 1: Japanese Holiday
The Princess and the Frog,7/2/21,The Princess and the Frog
Fatherhood,7/1/21,Fatherhood
Queer Eye,7/1/21,Queer Eye: Season 1: Dega Don't
Queer Eye,6/30/21,Queer Eye: Season 1: Saving Sasquatch
Queer Eye,6/29/21,Queer Eye: Season 1: You Can't Fix Ugly
Crash Landing on You,6/28/21,Crash Landing on You: Season 1: Episode 1
Crash Landing on You,6/28/21,Crash Landing on You: Season 1: Episode 2
Queer Eye,6/28/21,Queer Eye: Season 1: Hose Before Bros
Queer Eye,6/28/21,Queer Eye: Season 1: Below Average Joe
Queer Eye,6/25/21,Queer Eye: Season 1: The Renaissance of Remington
Queer Eye,6/22/21,Queer Eye: Season 1: Camp Rules
Queer Eye,6/21/21,Queer Eye: Season 1: To Gay or Not Too Gay
Queer Eye,6/21/21,Queer Eye: Season 4: Without Further Ado
Queer Eye,6/21/21,Queer Eye: Season 5: Body Rock or Bust
Queer Eye,6/18/21,Queer Eye: Season 5: Paging Dr. Yi
Rain Man,6/18/21,Rain Man
Queer Eye,6/18/21,Queer Eye: Season 5: Father Knows Fish
Queer Eye,6/16/21,Queer Eye: Season 5: Silver Lining Sweeney
Queer Eye,6/15/21,Queer Eye: Season 5: DJ's on Repeat
Queer Eye,6/15/21,Queer Eye: Season 5: The Anxious Activist
Queer Eye,6/15/21,Queer Eye: Season 5: The North Philadelphia Story
Queer Eye,6/14/21,Queer Eye: Season 5: Father of the Bride
Queer Eye,6/14/21,Queer Eye: Season 5: Groomer Has It
Queer Eye,6/14/21,Queer Eye: Season 5: Preaching Out Loud
Money Heist,6/7/21,Money Heist: Part 1: Episode 1
Demon Slayer,6/3/21,"Demon Slayer: Kimetsu no Yaiba: Tanjiro Kamado, Unwavering Resolve Arc: New Mission"
Lucifer,6/3/21,Lucifer: Season 5: A Chance at a Happy Ending
Lucifer,6/3/21,Lucifer: Season 5: Is This Really How It's Going to End?!
ONE PIECE,6/3/21,ONE PIECE: East Blue: Episode 1
Demon Slayer,6/2/21,"Demon Slayer: Kimetsu no Yaiba: Tanjiro Kamado, Unwavering Resolve Arc: Hinokami"
Demon Slayer,6/2/21,"Demon Slayer: Kimetsu no Yaiba: Tanjiro Kamado, Unwavering Resolve Arc: A Forged Bond"
Demon Slayer,6/2/21,"Demon Slayer: Kimetsu no Yaiba: Tanjiro Kamado, Unwavering Resolve Arc: You Must Master a Single Thing"
Demon Slayer,6/2/21,"Demon Slayer: Kimetsu no Yaiba: Tanjiro Kamado, Unwavering Resolve Arc: Letting Someone Else Go First"
Demon Slayer,6/1/21,"Demon Slayer: Kimetsu no Yaiba: Tanjiro Kamado, Unwavering Resolve Arc: The Boar Bares Its Fangs, Zenitsu Sleeps"
Demon Slayer,6/1/21,"Demon Slayer: Kimetsu no Yaiba: Tanjiro Kamado, Unwavering Resolve Arc: Tsuzumi Mansion"
Demon Slayer,6/1/21,"Demon Slayer: Kimetsu no Yaiba: Tanjiro Kamado, Unwavering Resolve Arc: Together Forever"
Demon Slayer,6/1/21,"Demon Slayer: Kimetsu no Yaiba: Tanjiro Kamado, Unwavering Resolve Arc: Temari Demon and Arrow Demon"
Demon Slayer,6/1/21,"Demon Slayer: Kimetsu no Yaiba: Tanjiro Kamado, Unwavering Resolve Arc: The Smell of Enchanting Blood"
Lucifer,5/30/21,Lucifer: Season 5: Nothing Lasts Forever
Lucifer,5/30/21,Lucifer: Season 5: A Little Harmless Stalking
Lucifer,5/30/21,Lucifer: Season 5: Daniel Espinoza: Naked and Afraid
Lucifer,5/30/21,Lucifer: Season 5: Resting Devil Face
Demon Slayer,5/30/21,"Demon Slayer: Kimetsu no Yaiba: Tanjiro Kamado, Unwavering Resolve Arc: My Own Steel"
Demon Slayer,5/29/21,"Demon Slayer: Kimetsu no Yaiba: Tanjiro Kamado, Unwavering Resolve Arc: Final Selection"
Demon Slayer,5/29/21,"Demon Slayer: Kimetsu no Yaiba: Tanjiro Kamado, Unwavering Resolve Arc: Sabito and Makomo"
Demon Slayer,5/29/21,"Demon Slayer: Kimetsu no Yaiba: Tanjiro Kamado, Unwavering Resolve Arc: Trainer Sakonji Urokodaki"
Demon Slayer,5/29/21,"Demon Slayer: Kimetsu no Yaiba: Tanjiro Kamado, Unwavering Resolve Arc: Cruelty"
Lucifer,5/29/21,Lucifer: Season 5: Bloody Celestial Karaoke Jam
Lucifer,5/28/21,Lucifer: Season 5: Family Dinner
Lucifer,5/28/21,Lucifer: Season 4: Save Lucifer
Lucifer,5/28/21,Lucifer: Season 5: Really Sad Devil Guy
Lucifer,5/28/21,Lucifer: Season 5: It Never Ends Well for the Chicken
Lucifer,5/28/21,Lucifer: Season 5: Spoiler Alert
Demon Slayer,5/27/21,"Demon Slayer: Kimetsu no Yaiba: Tanjiro Kamado, Unwavering Resolve Arc: Tsuguko, Kanao Tsuyuri"
Demon Slayer,5/27/21,"Demon Slayer: Kimetsu no Yaiba: Tanjiro Kamado, Unwavering Resolve Arc: Rehabilitation Training"
Demon Slayer,5/27/21,"Demon Slayer: Kimetsu no Yaiba: Tanjiro Kamado, Unwavering Resolve Arc: Hashira Meeting"
Demon Slayer,5/27/21,"Demon Slayer: Kimetsu no Yaiba: Tanjiro Kamado, Unwavering Resolve Arc: Master of the Mansion"
Demon Slayer,5/27/21,"Demon Slayer: Kimetsu no Yaiba: Tanjiro Kamado, Unwavering Resolve Arc: Against Corps Rules"
Demon Slayer,5/27/21,"Demon Slayer: Kimetsu no Yaiba: Tanjiro Kamado, Unwavering Resolve Arc: Pretend Family"
Demon Slayer,5/27/21,"Demon Slayer: Kimetsu no Yaiba: Tanjiro Kamado, Unwavering Resolve Arc: Mount Natagumo"
Demon Slayer,5/27/21,"Demon Slayer: Kimetsu no Yaiba: Tanjiro Kamado, Unwavering Resolve Arc: The House with the Wisteria Family Crest"
Demon Slayer,5/27/21,"Demon Slayer: Kimetsu no Yaiba: Tanjiro Kamado, Unwavering Resolve Arc: Something More Important Than Life"
Demon Slayer,5/26/21,"Demon Slayer: Kimetsu no Yaiba: Tanjiro Kamado, Unwavering Resolve Arc: Muzan Kibutsuji"
Demon Slayer,5/26/21,"Demon Slayer: Kimetsu no Yaiba: Tanjiro Kamado, Unwavering Resolve Arc: Swordsman Accompanying a Demon"
Kuroko's Basketball,5/21/21,Kuroko's Basketball: Season 2: Episode 26
The Circle - The Afterparty,5/21/21,The Circle - The Afterparty
America's Next Top Model,5/21/21,"America's Next Top Model: Season 20: Meet the Guys & Girls of Cycle 20, Part 1"
The Circle,5/20/21,"The Circle: Season 1: Hello, Circle"
The Circle,5/20/21,The Circle: Season 2: And the Winner Is...
The Circle,5/20/21,The Circle: Season 2: The Last Blocking
The Circle,5/20/21,The Circle: Season 2: The Master Plan
The Circle,5/20/21,The Circle: Season 2: Campaigning to Win
The Circle,5/20/21,The Circle: Season 2: A New Twist
The Circle,5/20/21,The Circle: Season 2: Damage Control
The Circle,5/20/21,The Circle: Season 2: Friend Zoned....
Emily in Paris,5/20/21,Emily in Paris: Season 1: Emily in Paris
Jane The Virgin,5/18/21,Jane The Virgin: Season 5: Chapter One Hundred
Jane The Virgin,5/18/21,Jane The Virgin: Season 5: Chapter Ninety-Nine
Jane The Virgin,5/18/21,Jane The Virgin: Season 5: Chapter Ninety-Eight
Jane The Virgin,5/18/21,Jane The Virgin: Season 5: Chapter Ninety-Seven
Jane The Virgin,5/18/21,Jane The Virgin: Season 5: Chapter Ninety-Six
Jane The Virgin,5/17/21,Jane The Virgin: Season 5: Chapter Ninety-Five
Jane The Virgin,5/17/21,Jane The Virgin: Season 5: Chapter Ninety-Four
Jane The Virgin,5/17/21,Jane The Virgin: Season 5: Chapter Ninety-Three
Jane The Virgin,5/17/21,Jane The Virgin: Season 5: Chapter Ninety-Two
Jane The Virgin,5/17/21,Jane The Virgin: Season 5: Chapter Ninety-One
Jane The Virgin,5/17/21,Jane The Virgin: Season 5: Chapter Ninety
Jane The Virgin,5/17/21,Jane The Virgin: Season 5: Chapter Eighty-Nine
Jane The Virgin,5/17/21,Jane The Virgin: Season 5: Chapter Eighty-Eight
Jane The Virgin,5/17/21,Jane The Virgin: Season 5: Chapter Eighty-Seven
Jane The Virgin,5/17/21,Jane The Virgin: Season 5: Chapter Eighty-Six
Jane The Virgin,5/16/21,Jane The Virgin: Season 5: Chapter Eighty-Five
Jane The Virgin,5/16/21,Jane The Virgin: Season 5: Chapter Eighty-Four
Jane The Virgin,5/16/21,Jane The Virgin: Season 5: Chapter Eighty-Three
Jane The Virgin,5/16/21,Jane The Virgin: Season 5: Chapter Eighty-Two
Jane The Virgin,5/16/21,Jane The Virgin: Season 4: Chapter Eighty-One
Jane The Virgin,5/15/21,Jane The Virgin: Season 4: Chapter Eighty
Jane The Virgin,5/15/21,Jane The Virgin: Season 4: Chapter Seventy-Nine
Jane The Virgin,5/15/21,Jane The Virgin: Season 4: Chapter Seventy-Eight
Jane The Virgin,5/15/21,Jane The Virgin: Season 4: Chapter Seventy-Seven
Jane The Virgin,5/15/21,Jane The Virgin: Season 4: Chapter Seventy-Six
Jane The Virgin,5/14/21,Jane The Virgin: Season 4: Chapter Seventy-Five
Jane The Virgin,5/14/21,Jane The Virgin: Season 4: Chapter Seventy-Four
Jane The Virgin,5/14/21,Jane The Virgin: Season 4: Chapter Seventy-Three
Jane The Virgin,5/14/21,Jane The Virgin: Season 4: Chapter Seventy-Two
Jane The Virgin,5/14/21,Jane The Virgin: Season 4: Chapter Seventy-One
Jane The Virgin,5/14/21,Jane The Virgin: Season 4: Chapter Seventy
Jane The Virgin,5/14/21,Jane The Virgin: Season 4: Chapter Sixty-Nine
Jane The Virgin,5/14/21,Jane The Virgin: Season 4: Chapter Sixty-Eight
Jane The Virgin,5/14/21,Jane The Virgin: Season 4: Chapter Sixty-Seven
Jane The Virgin,5/14/21,Jane The Virgin: Season 4: Chapter Sixty-Six
Jane The Virgin,5/14/21,Jane The Virgin: Season 4: Chapter Sixty-Five
Jane The Virgin,5/14/21,Jane The Virgin: Season 3: Chapter Sixty-Four
Jane The Virgin,5/14/21,Jane The Virgin: Season 3: Chapter Sixty-Three
Jane The Virgin,5/13/21,Jane The Virgin: Season 3: Chapter Sixty-Two
Jane The Virgin,5/13/21,Jane The Virgin: Season 3: Chapter Sixty-One
Jane The Virgin,5/13/21,Jane The Virgin: Season 3: Chapter Sixty
Jane The Virgin,5/13/21,Jane The Virgin: Season 3: Chapter Fifty-Nine
Jane The Virgin,5/13/21,Jane The Virgin: Season 3: Chapter Fifty-Eight
Jane The Virgin,5/13/21,Jane The Virgin: Season 3: Chapter Fifty-Seven
Jane The Virgin,5/13/21,Jane The Virgin: Season 3: Chapter Fifty-Six
Jane The Virgin,5/13/21,Jane The Virgin: Season 3: Chapter Fifty-Five
Jane The Virgin,5/13/21,Jane The Virgin: Season 3: Chapter Fifty-Four
Jane The Virgin,5/13/21,Jane The Virgin: Season 3: Chapter Fifty-Three
Jane The Virgin,5/13/21,Jane The Virgin: Season 3: Chapter Fifty-Two
Jane The Virgin,5/12/21,Jane The Virgin: Season 3: Chapter Fifty-One
Jane The Virgin,5/12/21,Jane The Virgin: Season 3: Chapter Fifty
Jane The Virgin,5/12/21,Jane The Virgin: Season 3: Chapter Forty-Nine
Jane The Virgin,5/12/21,Jane The Virgin: Season 3: Chapter Forty-Eight
Jane The Virgin,5/12/21,Jane The Virgin: Season 3: Chapter Forty-Seven
Jane The Virgin,5/12/21,Jane The Virgin: Season 3: Chapter Forty-Six
Jane The Virgin,5/12/21,Jane The Virgin: Season 3: Chapter Forty-Five
Jane The Virgin,5/12/21,Jane The Virgin: Season 2: Chapter Forty-Four
Jane The Virgin,5/12/21,Jane The Virgin: Season 2: Chapter Forty-Three
Jane The Virgin,5/12/21,Jane The Virgin: Season 2: Chapter Forty-Two
Jane The Virgin,5/12/21,Jane The Virgin: Season 2: Chapter Forty-One
Jane The Virgin,5/12/21,Jane The Virgin: Season 2: Chapter Forty
Jane The Virgin,5/11/21,Jane The Virgin: Season 2: Chapter Thirty-Nine
Jane The Virgin,5/11/21,Jane The Virgin: Season 2: Chapter Thirty-Eight
Jane The Virgin,5/11/21,Jane The Virgin: Season 2: Chapter Thirty-Seven
Jane The Virgin,5/11/21,Jane The Virgin: Season 2: Chapter Thirty-Six
Jane The Virgin,5/11/21,Jane The Virgin: Season 2: Chapter Thirty-Five
Jane The Virgin,5/11/21,Jane The Virgin: Season 2: Chapter Thirty-Four
Jane The Virgin,5/11/21,Jane The Virgin: Season 2: Chapter Thirty-Three
Jane The Virgin,5/11/21,Jane The Virgin: Season 2: Chapter Thirty-Two
Jane The Virgin,5/10/21,Jane The Virgin: Season 2: Chapter Thirty-One
Jane The Virgin,5/10/21,Jane The Virgin: Season 2: Chapter Thirty
Jane The Virgin,5/10/21,Jane The Virgin: Season 2: Chapter Twenty-Nine
Jane The Virgin,5/10/21,Jane The Virgin: Season 2: Chapter Twenty-Eight
Jane The Virgin,5/10/21,Jane The Virgin: Season 2: Chapter Twenty-Seven
Jane The Virgin,5/10/21,Jane The Virgin: Season 2: Chapter Twenty-Six
Jane The Virgin,5/10/21,Jane The Virgin: Season 2: Chapter Twenty-Five
Jane The Virgin,5/10/21,Jane The Virgin: Season 2: Chapter Twenty-Four
Jane The Virgin,5/10/21,Jane The Virgin: Season 2: Chapter Twenty-Three
Jane The Virgin,5/10/21,Jane The Virgin: Season 1: Chapter Twenty-Two
Jane The Virgin,5/9/21,Jane The Virgin: Season 1: Chapter Twenty-One
I'm Thinking of Ending Things,5/9/21,I'm Thinking of Ending Things
Jane The Virgin,5/8/21,Jane The Virgin: Season 1: Chapter Twenty
Jane The Virgin,5/8/21,Jane The Virgin: Season 1: Chapter Nineteen
Jane The Virgin,5/8/21,Jane The Virgin: Season 1: Chapter Eighteen
Jane The Virgin,5/8/21,Jane The Virgin: Season 1: Chapter Seventeen
Jane The Virgin,5/8/21,Jane The Virgin: Season 1: Chapter Sixteen
Jane The Virgin,5/8/21,Jane The Virgin: Season 1: Chapter Fifteen
Jane The Virgin,5/8/21,Jane The Virgin: Season 1: Chapter Fourteen
Jane The Virgin,5/7/21,Jane The Virgin: Season 1: Chapter Thirteen
Jane The Virgin,5/7/21,Jane The Virgin: Season 1: Chapter Twelve
Jane The Virgin,5/7/21,Jane The Virgin: Season 1: Chapter Eleven
Jane The Virgin,5/7/21,Jane The Virgin: Season 1: Chapter Ten
Jane The Virgin,5/7/21,Jane The Virgin: Season 1: Chapter Nine
Jane The Virgin,5/7/21,Jane The Virgin: Season 1: Chapter Eight
Sexify,5/6/21,Sexify: Season 1: Episode 1
Jane The Virgin,5/5/21,Jane The Virgin: Season 1: Chapter Seven
Jane The Virgin,5/5/21,Jane The Virgin: Season 1: Chapter Six
Jane The Virgin,5/5/21,Jane The Virgin: Season 1: Chapter Five
Jane The Virgin,5/4/21,Jane The Virgin: Season 1: Chapter Four
Jane The Virgin,5/4/21,Jane The Virgin: Season 1: Chapter Three
Jane The Virgin,5/4/21,Jane The Virgin: Season 1: Chapter Two
Jane The Virgin,5/4/21,Jane The Virgin: Season 1: Chapter One: Pilot
The Baker and the Beauty,5/3/21,The Baker and the Beauty: Season 1: You Can't Always Get What You Want
The Baker and the Beauty,5/3/21,The Baker and the Beauty: Season 1: May I Have This Dance
The Baker and the Beauty,5/1/21,The Baker and the Beauty: Season 1: Blow Out
Yasuke,5/1/21,Yasuke: Season 1: Ronin
The Circle,4/30/21,The Circle: Season 2: A Love Triangle
The Circle,4/30/21,The Circle: Season 2: Snake in the Grass
The Baker and the Beauty,4/28/21,The Baker and the Beauty: Season 1: Side Effects
The Baker and the Beauty,4/27/21,The Baker and the Beauty: Season 1: Honeymoon's Over
The Baker and the Beauty,4/24/21,The Baker and the Beauty: Season 1: I Think She's Coming Out
The Baker and the Beauty,4/23/21,The Baker and the Beauty: Season 1: Get Carried Away
The Baker and the Beauty,4/23/21,The Baker and the Beauty: Season 1: Ruin My Life
The Baker and the Beauty,4/23/21,The Baker and the Beauty: Season 1: Pilot
The Good Place,4/23/21,The Good Place: Season 1: Everything Is Fine
iCarly,4/23/21,iCarly: Season 2: iGo to Japan
iCarly,4/21/21,iCarly: Season 2: iDate a Bad Boy
iCarly,4/19/21,iCarly: Season 2: iFight Shelby Marx
Too Hot to Handle,4/18/21,Too Hot to Handle: Season 1: Extra Hot: The Reunion
Too Hot to Handle,4/18/21,Too Hot to Handle: Season 1: Lust or Bust
Too Hot to Handle,4/17/21,Too Hot to Handle: Season 1: Sisters over Misters
Too Hot to Handle,4/17/21,Too Hot to Handle: Season 1: The Bryce Isn't Right
Too Hot to Handle,4/17/21,Too Hot to Handle: Season 1: Boys to Men
Too Hot to Handle,4/17/21,"Too Hot to Handle: Season 1: Two's Company, Three's a ... Threesome"
Too Hot to Handle,4/17/21,Too Hot to Handle: Season 1: Revenge Is a Dish Best Served Hot
Too Hot to Handle,4/17/21,Too Hot to Handle: Season 1: When Harry Met Francesca
The Circle,4/17/21,The Circle: Season 2: Lines Are Drawn
The Circle,4/17/21,"The Circle: Season 2: Bye, Bye, Bye!"
War Dogs,4/16/21,War Dogs
The Circle,4/16/21,The Circle: Season 2: Alliances Are Formed
The Circle,4/16/21,The Circle: Season 2: Back and More Savage Than Ever
iCarly,4/16/21,iCarly: Season 2: iQuit iCarly
iCarly,4/16/21,iCarly: Season 2: iPsycho
iCarly,4/16/21,iCarly: Season 2: iBloop
iCarly,4/16/21,iCarly: Season 2: iBeat the Heat
iCarly,4/15/21,iCarly: Season 2: iMove Out
iCarly,4/15/21,iCarly: Season 2: iBelieve in Bigfoot
iCarly,4/15/21,iCarly: Season 2: iSpace Out
iCarly,4/15/21,iCarly: Season 2: iWon't Cancel the Show
iCarly,4/15/21,iCarly: Season 2: iWas a Pageant Girl
iCarly,4/15/21,iCarly: Season 2: iFind Lewbert's Lost Love
iCarly,4/15/21,iCarly: Season 2: iEnrage Gibby
iCarly,4/15/21,iCarly: Season 2: iSaved Your Life
iCarly,4/15/21,iCarly: Season 2: iFix a Pop Star
iCarly,4/15/21,iCarly: Season 2: iSpeed Date
iCarly,4/15/21,iCarly: Season 2: iHave My Principals
iCarly,4/15/21,iCarly: Season 2: iCook
iCarly,4/15/21,iCarly: Season 2: iThink They Kissed
iCarly,4/15/21,iCarly: Season 2: iTake on Dingo
iCarly,4/15/21,iCarly: Season 2: iTwins
iCarly,4/13/21,iCarly: Season 2: iCarly Awards
The Way of the Househusband,4/13/21,The Way of the Househusband: Season 1: Episode 2
The Way of the Househusband,4/13/21,The Way of the Househusband: Season 1: Episode 1
iCarly,4/12/21,iCarly: Season 2: iMust Have Locker 239
iCarly,4/12/21,iCarly: Season 2: iWant My Website Back
iCarly,4/10/21,iCarly: Season 2: iReunite with Missy
iCarly,4/9/21,iCarly: Season 2: iMake Sam Girlier
iCarly,4/9/21,iCarly: Season 2: iRocked the Vote
iCarly,4/9/21,iCarly: Season 2: i Go Nuclear
iCarly,4/9/21,iCarly: Season 2: iLook Alike
iCarly,4/9/21,iCarly: Season 2: iMeet Fred
iCarly,4/8/21,iCarly: Season 2: iGive Away a Car
iCarly,4/8/21,iCarly: Season 2: iKiss
iCarly,4/8/21,iCarly: Season 2: iChristmas
iCarly,4/5/21,iCarly: Season 2: iPie
Legally Blonde,4/5/21,Legally Blonde
iCarly,4/3/21,iCarly: Season 2: iHurt Lewbert
iCarly,3/30/21,iCarly: Season 2: iOwe You
iCarly,3/30/21,iCarly: Season 2: iStage an Intervention
Good Girls,3/29/21,Good Girls: Season 1: Mo Money Mo Problems
iCarly,3/27/21,iCarly: Season 2: iSaw Him First
iCarly,3/26/21,iCarly: Season 1: iHave a Love Sick Teacher
iCarly,3/26/21,iCarly: Season 1: iWin a Date
iCarly,3/26/21,iCarly: Season 1: iFence
iCarly,3/26/21,iCarly: Season 1: iMight Switch Schools
iCarly,3/26/21,iCarly: Season 1: iStakeout
iCarly,3/26/21,iCarly: Season 1: iHate Sam's Boyfriend
iCarly,3/26/21,iCarly: Season 1: iCarly Saves TV
iCarly,3/26/21,iCarly: Season 1: iPromise Not to Tell
iCarly,3/26/21,iCarly: Season 1: iPromote Tech-Foots
To All The Boys,3/23/21,To All The Boys: Always And Forever
Dirty Money,3/23/21,Dirty Money: Season 2: The Wagon Wheel
To All the Boys,3/19/21,To All the Boys: P.S. I Still Love You
iCarly,3/17/21,iCarly: Season 1: iGot Detention
iCarly,3/17/21,iCarly: Season 1: iRue the Day
iCarly,3/17/21,iCarly: Season 1: iScream on Halloween
iCarly,3/17/21,iCarly: Season 1: iDream of Dance
iCarly,3/17/21,iCarly: Season 1: iDont Want to Fight
Good Girls,3/10/21,Good Girls: Season 1: Pilot
Little Witch Academia,3/1/21,Little Witch Academia: Season 1: Starting Over
Victorious,3/1/21,Victorious: Season 1: The Bird Scene
Victorious,3/1/21,Victorious: Season 1: Pilot
iCarly,3/1/21,iCarly: Season 1: iHatch Chicks
iCarly,3/1/21,iCarly: Season 1: iAm Your Biggest Fan
iCarly,3/1/21,iCarly: Season 1: iHeart Art
iCarly,3/1/21,iCarly: Season 1: iWill Date Freddie
iCarly,2/28/21,iCarly: Season 1: iWant a World Record
iCarly,2/27/21,iCarly: Season 1: iSpy a Mean Teacher
Ginny & Georgia,2/27/21,Ginny & Georgia: Season 1: The Worst Betrayal Since Jordyn and Kylie
Ginny & Georgia,2/27/21,Ginny & Georgia: Season 1: Feelings Are Hard
Ginny & Georgia,2/27/21,"Ginny & Georgia: Season 1: Check One, Check Other"
Ginny & Georgia,2/27/21,"Ginny & Georgia: Season 1: Happy Sweet Sixteen, Jerk"
Ginny & Georgia,2/26/21,Ginny & Georgia: Season 1: I’m Triggered
Ginny & Georgia,2/26/21,"Ginny & Georgia: Season 1: Boo, Bitch"
Ginny & Georgia,2/26/21,Ginny & Georgia: Season 1: Lydia Bennet Is Hundo a Feminist
Ginny & Georgia,2/26/21,Ginny & Georgia: Season 1: Next Level Rich People Sh*t
Ginny & Georgia,2/26/21,Ginny & Georgia: Season 1: It's a Face Not a Mask
Ginny & Georgia,2/26/21,Ginny & Georgia: Season 1: Pilot
iCarly,2/26/21,iCarly: Season 1: iWanna Stay With Spencer
iCarly,2/20/21,iCarly: Season 1: iNevel
iCarly,2/20/21,iCarly: Season 1: iWant More Viewers
iCarly,2/20/21,iCarly: Season 1: iLike Jake
iCarly,2/20/21,iCarly: Season 1: iPilot
Cobra Kai,2/8/21,Cobra Kai: Season 3: December 19
All The Bright Places,2/4/21,All The Bright Places
Cobra Kai,2/3/21,Cobra Kai: Season 3: Feel the Night
Cobra Kai,2/3/21,"Cobra Kai: Season 3: The Good, The Bad, and The Badass"
Cobra Kai,2/3/21,Cobra Kai: Season 3: Obstáculos
Cobra Kai,2/3/21,Cobra Kai: Season 3: King Cobra
Cobra Kai,2/3/21,Cobra Kai: Season 3: Miyagi-Do
Cobra Kai,2/3/21,Cobra Kai: Season 3: The Right Path
Cobra Kai,2/1/21,Cobra Kai: Season 3: Now You’re Gonna Pay
Cobra Kai,2/1/21,Cobra Kai: Season 3: Nature Vs. Nurture
Cobra Kai,2/1/21,Cobra Kai: Season 3: Aftermath
Cobra Kai,2/1/21,Cobra Kai: Season 2: No Mercy
Cobra Kai,2/1/21,Cobra Kai: Season 2: Pulpo
Cobra Kai,2/1/21,Cobra Kai: Season 2: Glory of Love
Cobra Kai,1/27/21,Cobra Kai: Season 2: Lull
Cobra Kai,1/27/21,Cobra Kai: Season 2: Take a Right
Cobra Kai,1/27/21,Cobra Kai: Season 2: All In
Cobra Kai,1/27/21,Cobra Kai: Season 2: The Moment of Truth
Cobra Kai,1/26/21,Cobra Kai: Season 2: Fire and Ice
Fate,1/26/21,Fate: The Winx Saga: Season 1: To the Waters and the Wild
Haikyu!!,1/26/21,Haikyu!!: A Coward's Anxiety
Haikyu!!,1/26/21,Haikyu!!: Karasuno High School Volleyball Club
Ouran High School Host Club,1/25/21,Ouran High School Host Club: Season 1: A Challenge from Lobelia Girls' Academy!
Ouran High School Host Club,1/25/21,"Ouran High School Host Club: Season 1: The Sun, the Sea and the Host Club!"
Ouran High School Host Club,1/25/21,Ouran High School Host Club: Season 1: Jungle Pool SOS!
Kuroko's Basketball,1/22/21,Kuroko's Basketball: Season 1: Episode 25
Kuroko's Basketball,1/22/21,Kuroko's Basketball: Season 1: Episode 24
Kuroko's Basketball,1/22/21,Kuroko's Basketball: Season 1: Episode 23
Kuroko's Basketball,1/22/21,Kuroko's Basketball: Season 1: Kuroko's Basketball: Tip Off
Kuroko's Basketball,1/22/21,Kuroko's Basketball: Season 1: Episode 22
Kuroko's Basketball,1/22/21,Kuroko's Basketball: Season 1: Episode 21
Kuroko's Basketball,1/22/21,Kuroko's Basketball: Season 1: Episode 20
Kuroko's Basketball,1/22/21,Kuroko's Basketball: Season 1: Episode 19
Kuroko's Basketball,1/21/21,Kuroko's Basketball: Season 1: Episode 18
Kuroko's Basketball,1/21/21,Kuroko's Basketball: Season 1: Episode 17
Kuroko's Basketball,1/21/21,Kuroko's Basketball: Season 1: Episode 16
Kuroko's Basketball,1/21/21,Kuroko's Basketball: Season 1: Episode 15
Kuroko's Basketball,1/21/21,Kuroko's Basketball: Season 1: Episode 14
Kuroko's Basketball,1/21/21,Kuroko's Basketball: Season 1: Episode 13
Kuroko's Basketball,1/21/21,Kuroko's Basketball: Season 1: Episode 12
Kuroko's Basketball,1/20/21,Kuroko's Basketball: Season 1: Episode 11
Kuroko's Basketball,1/20/21,Kuroko's Basketball: Season 1: Episode 10
Kuroko's Basketball,1/20/21,Kuroko's Basketball: Season 1: Episode 9
Kuroko's Basketball,1/20/21,Kuroko's Basketball: Season 1: Episode 8
Kuroko's Basketball,1/19/21,Kuroko's Basketball: Season 1: Episode 7
Kuroko's Basketball,1/19/21,Kuroko's Basketball: Season 1: Episode 6
Kuroko's Basketball,1/18/21,Kuroko's Basketball: Season 1: Episode 5
Kuroko's Basketball,1/18/21,Kuroko's Basketball: Season 1: Episode 4
Kuroko's Basketball,1/18/21,Kuroko's Basketball: Season 1: Episode 3
Kuroko's Basketball,1/18/21,Kuroko's Basketball: Season 1: Episode 2
Kuroko's Basketball,1/18/21,Kuroko's Basketball: Season 1: Episode 1
Ouran High School Host Club,1/18/21,Ouran High School Host Club: Season 1: The Grade School Host is the Naughty Type!
Ouran High School Host Club,1/17/21,Ouran High School Host Club: Season 1: The Twins Fight!
Ouran High School Host Club,1/17/21,Ouran High School Host Club: Season 1: Attack of the Lady Manager!
Ouran High School Host Club,1/17/21,Ouran High School Host Club: Season 1: Beware the Physical Exam!
The Good Place,1/17/21,The Good Place: Season 4: Whenever You're Ready
The Good Place,1/17/21,The Good Place: Season 4: Patty
The Good Place,1/16/21,"The Good Place: Season 4: Mondays, Am I Right?"
The Good Place,1/16/21,"The Good Place: Season 4: You've Changed, Man"
The Good Place,1/16/21,The Good Place: Season 4: The Answer
The Good Place,1/16/21,The Good Place: Season 4: The Funerals To End All Funerals
The Good Place,1/16/21,The Good Place: Season 4: Help is Other People
The Good Place,1/16/21,The Good Place: Season 4: A Chip Driver Mystery
Bridgerton,1/16/21,Bridgerton: Season 1: After the Rain
Bridgerton,1/15/21,Bridgerton: Season 1: Oceans Apart
Bridgerton,1/15/21,Bridgerton: Season 1: Swish
Bridgerton,1/14/21,Bridgerton: Season 1: The Duke and I
Bridgerton,1/14/21,Bridgerton: Season 1: An Affair of Honor
Bridgerton,1/14/21,Bridgerton: Season 1: Art of the Swoon
Bridgerton,1/14/21,Bridgerton: Season 1: Shock and Delight
Bridgerton,1/14/21,Bridgerton: Season 1: Diamond of the First Water
Creating The Queen's Gambit,1/14/21,Creating The Queen's Gambit
The Queen's Gambit,1/14/21,The Queen's Gambit: Limited Series: End Game
The Queen's Gambit,1/14/21,The Queen's Gambit: Limited Series: Adjournment
The Queen's Gambit,1/13/21,The Queen's Gambit: Limited Series: Fork
The Queen's Gambit,1/13/21,The Queen's Gambit: Limited Series: Middle Game
The Queen's Gambit,1/13/21,The Queen's Gambit: Limited Series: Doubled Pawns
The Queen's Gambit,1/13/21,The Queen's Gambit: Limited Series: Exchanges
The Queen's Gambit,1/13/21,The Queen's Gambit: Limited Series: Openings
Start-Up,1/6/21,Start-Up: Season 1: START-UP
Rango,12/30/20,Rango
DEATH NOTE,12/24/20,DEATH NOTE: Death Note: New World
DEATH NOTE,12/24/20,DEATH NOTE: Death Note: 1.28
DEATH NOTE,12/24/20,DEATH NOTE: Death Note: Malice
DEATH NOTE,12/24/20,DEATH NOTE: Death Note: Vigilance
DEATH NOTE,12/24/20,DEATH NOTE: Death Note: Scorn
DEATH NOTE,12/24/20,DEATH NOTE: Death Note: Selection
DEATH NOTE,12/24/20,DEATH NOTE: Death Note: Transfer
DEATH NOTE,12/24/20,DEATH NOTE: Death Note: Justice
DEATH NOTE,12/24/20,DEATH NOTE: Death Note: Father
DEATH NOTE,12/24/20,DEATH NOTE: Death Note: Impatience
DEATH NOTE,12/24/20,DEATH NOTE: Death Note: Abduction
DEATH NOTE,12/24/20,DEATH NOTE: Death Note: Renewal
DEATH NOTE,12/24/20,DEATH NOTE: Death Note: Silence
DEATH NOTE,12/24/20,DEATH NOTE: Death Note: Revival
DEATH NOTE,12/24/20,DEATH NOTE: Death Note: Frenzy
DEATH NOTE,12/24/20,DEATH NOTE: Death Note: Guidance
The Office (U.S.),12/24/20,The Office (U.S.): Season 5: Blood Drive
DEATH NOTE,12/23/20,DEATH NOTE: Death Note: Performance
DEATH NOTE,12/23/20,DEATH NOTE: Death Note: Makeshift
DEATH NOTE,12/23/20,DEATH NOTE: Death Note: Matsuda
DEATH NOTE,12/23/20,DEATH NOTE: Death Note: Ally
DEATH NOTE,12/23/20,DEATH NOTE: Death Note: Execution
DEATH NOTE,12/23/20,DEATH NOTE: Death Note: Decision
DEATH NOTE,12/23/20,DEATH NOTE: Death Note: Wager
DEATH NOTE,12/22/20,DEATH NOTE: Death Note: Friend
DEATH NOTE,12/22/20,DEATH NOTE: Death Note: Confession
DEATH NOTE,12/22/20,DEATH NOTE: Death Note: Love
DEATH NOTE,12/22/20,DEATH NOTE: Death Note: Assault
DEATH NOTE,12/14/20,DEATH NOTE: Death Note: Doubt
DEATH NOTE,12/14/20,DEATH NOTE: Death Note: Encounter
DEATH NOTE,12/14/20,DEATH NOTE: Death Note: Glare
DEATH NOTE,12/14/20,DEATH NOTE: Death Note: Overcast
DEATH NOTE,12/14/20,DEATH NOTE: Death Note: Unraveling
DEATH NOTE,12/14/20,DEATH NOTE: Death Note: Tactics
DEATH NOTE,12/14/20,DEATH NOTE: Death Note: Pursuit
DEATH NOTE,12/14/20,DEATH NOTE: Death Note: Dealings
DEATH NOTE,12/14/20,DEATH NOTE: Death Note: Rebirth
Death Note,12/14/20,Death Note
Jurassic Park,12/4/20,Jurassic Park
Ouran High School Host Club,11/30/20,Ouran High School Host Club: Season 1: The Job of a High School Host!
Ouran High School Host Club,11/30/20,"Ouran High School Host Club: Season 1: Starting Today, You Are a Host!"
Kevin Hart,11/30/20,Kevin Hart: Zero F**ks Given
If Anything Happens I Love You,11/29/20,If Anything Happens I Love You
Lagaan,11/24/20,Lagaan
3 Idiots,11/24/20,3 Idiots
Ocean's Eleven,11/13/20,Ocean's Eleven
Easy A,11/11/20,Easy A
The Office (U.S.),10/18/20,The Office (U.S.): Season 5: Lecture Circuit: Part 2
The Office (U.S.),10/18/20,The Office (U.S.): Season 5: Lecture Circuit: Part 1
Monty Python's Life of Brian,10/16/20,Monty Python's Life of Brian
Monty Python and the Holy Grail,10/16/20,Monty Python and the Holy Grail
The Office (U.S.),10/15/20,The Office (U.S.): Season 5: Stress Relief: Part 2
The Office (U.S.),10/15/20,The Office (U.S.): Season 5: Stress Relief: Part 1
The Office (U.S.),10/15/20,The Office (U.S.): Season 5: Prince Family Paper
The Office (U.S.),10/15/20,The Office (U.S.): Season 5: The Duel
The Office (U.S.),10/14/20,The Office (U.S.): Season 5: Moroccan Christmas
The Office (U.S.),10/14/20,The Office (U.S.): Season 5: The Surplus
The Office (U.S.),10/14/20,The Office (U.S.): Season 5: Frame Toby
The Office (U.S.),10/14/20,The Office (U.S.): Season 5: Business Trip
The Office (U.S.),10/13/20,The Office (U.S.): Season 5: Customer Survey
The Office (U.S.),10/13/20,The Office (U.S.): Season 5: Employee Transfer
The Office (U.S.),10/9/20,The Office (U.S.): Season 5: Crime Aid
The Office (U.S.),10/8/20,The Office (U.S.): Season 5: Baby Shower
The Office (U.S.),10/8/20,The Office (U.S.): Season 5: Business Ethics
The Office (U.S.),10/8/20,The Office (U.S.): Season 5: Weight Loss: Part 2
The Office (U.S.),10/7/20,The Office (U.S.): Season 5: Weight Loss: Part 1
The Office (U.S.),10/7/20,"The Office (U.S.): Season 4: Goodbye, Toby"
The Office (U.S.),10/6/20,The Office (U.S.): Season 4: Job Fair
The Office (U.S.),10/6/20,The Office (U.S.): Season 4: Did I Stutter
The Good Place,10/2/20,The Good Place: Season 4: Employee of the Bearimy
The Good Place,10/1/20,"The Good Place: Season 4: Tinker, Tailor, Demon, Spy"
The Good Place,10/1/20,The Good Place: Season 4: Chillaxing
The Good Place,10/1/20,The Good Place: Season 4: A Girl From Arizona - Part 2
The Office (U.S.),9/28/20,The Office (U.S.): Season 4: Night Out
The Office (U.S.),9/28/20,The Office (U.S.): Season 4: The Chair Model
The Office (U.S.),9/27/20,The Office (U.S.): Season 4: Dinner Party
The Good Place,9/26/20,The Good Place: Season 4: A Girl From Arizona - Part 1
The Office (U.S.),9/24/20,The Office (U.S.): Season 4: The Deposition
The Office (U.S.),9/22/20,The Office (U.S.): Season 4: Survivor Man
The Office (U.S.),9/22/20,The Office (U.S.): Season 4: Branch Wars
The Office (U.S.),9/21/20,The Office (U.S.): Season 4: Local Ad
The Office (U.S.),9/21/20,The Office (U.S.): Season 4: Money
The Office (U.S.),9/21/20,The Office (U.S.): Season 4: Launch Party
Violet Evergarden,9/18/20,Violet Evergarden: Season 1: Episode 2
Violet Evergarden,9/18/20,Violet Evergarden: Season 1: Episode 1
The Office (U.S.),9/18/20,The Office (U.S.): Season 4: Dunder Mifflin Infinity
The Office (U.S.),9/16/20,The Office (U.S.): Season 4: Fun Run
The Office (U.S.),9/15/20,The Office (U.S.): Season 3: The Job
The Office (U.S.),9/15/20,The Office (U.S.): Season 3: Beach Games
The Office (U.S.),9/15/20,The Office (U.S.): Season 3: Women's Appreciation
The Office (U.S.),9/15/20,The Office (U.S.): Season 3: Product Recall
The Office (U.S.),9/14/20,The Office (U.S.): Season 3: Safety Training
The Office (U.S.),9/13/20,The Office (U.S.): Season 3: The Negotiation
The Office (U.S.),9/12/20,The Office (U.S.): Season 3: Cocktails
The Office (U.S.),9/12/20,The Office (U.S.): Season 3: Business School
The Office (U.S.),9/12/20,The Office (U.S.): Season 3: Phyllis's Wedding
The Office (U.S.),9/12/20,The Office (U.S.): Season 3: Ben Franklin
The Office (U.S.),9/12/20,The Office (U.S.): Season 3: The Return
The Office (U.S.),9/12/20,The Office (U.S.): Season 3: Traveling Salesmen
The Office (U.S.),9/12/20,The Office (U.S.): Season 3: Back from Vacation
The Office (U.S.),9/12/20,The Office (U.S.): Season 3: A Benihana Christmas
The Firm,9/11/20,The Firm
The Office (U.S.),9/11/20,The Office (U.S.): Season 3: The Convict
The Office (U.S.),9/10/20,The Office (U.S.): Season 3: The Merger
The Office (U.S.),9/10/20,The Office (U.S.): Season 3: Branch Closing
The Office (U.S.),9/10/20,The Office (U.S.): Season 3: Diwali
The Office (U.S.),9/10/20,The Office (U.S.): Season 3: Initiation
The Office (U.S.),9/10/20,The Office (U.S.): Season 3: Grief Counseling
The Office (U.S.),9/10/20,The Office (U.S.): Season 3: The Coup
The Office (U.S.),9/10/20,The Office (U.S.): Season 3: The Convention
The Office (U.S.),9/10/20,The Office (U.S.): Season 3: Gay Witch Hunt
The Office (U.S.),9/10/20,The Office (U.S.): Season 2: Casino Night
The Office (U.S.),9/10/20,The Office (U.S.): Season 2: Conflict Resolution
The Office (U.S.),9/10/20,The Office (U.S.): Season 2: Drug Testing
The Office (U.S.),9/10/20,The Office (U.S.): Season 2: Michael's Birthday
The Office (U.S.),9/10/20,The Office (U.S.): Season 2: Take Your Daughter to Work Day
The Office (U.S.),9/10/20,The Office (U.S.): Season 2: Dwight's Speech
The Office (U.S.),9/10/20,The Office (U.S.): Season 2: Valentine's Day
The Office (U.S.),9/10/20,The Office (U.S.): Season 2: Boys and Girls
The Office (U.S.),9/9/20,The Office (U.S.): Season 2: The Carpet
The Office (U.S.),9/8/20,The Office (U.S.): Season 2: The Secret
The Office (U.S.),9/8/20,The Office (U.S.): Season 2: The Injury
The Office (U.S.),9/8/20,The Office (U.S.): Season 2: Booze Cruise
The Office (U.S.),9/8/20,The Office (U.S.): Season 2: Christmas Party
The Office (U.S.),9/8/20,The Office (U.S.): Season 2: Email Surveillance
The Office (U.S.),9/5/20,The Office (U.S.): Season 2: Performance Review
The Office (U.S.),9/5/20,The Office (U.S.): Season 2: The Client
The Office (U.S.),9/5/20,The Office (U.S.): Season 2: The Fight
The Office (U.S.),9/5/20,The Office (U.S.): Season 2: Halloween
The Office (U.S.),9/5/20,The Office (U.S.): Season 2: The Fire
The Office (U.S.),9/5/20,The Office (U.S.): Season 2: Office Olympics
The Office (U.S.),9/4/20,The Office (U.S.): Season 2: Sexual Harassment
The Office (U.S.),9/4/20,The Office (U.S.): Season 2: The Dundies
The Office (U.S.),9/4/20,The Office (U.S.): Season 1: Hot Girl
The Office (U.S.),9/4/20,The Office (U.S.): Season 1: Basketball
The Office (U.S.),9/3/20,The Office (U.S.): Season 1: The Alliance
The Office (U.S.),9/3/20,The Office (U.S.): Season 1: Health Care
The Office (U.S.),9/3/20,The Office (U.S.): Season 1: Diversity Day
The Office (U.S.),9/3/20,The Office (U.S.): Season 1: Pilot
Kevin Hart,9/3/20,Kevin Hart: What Now?
Three Wives One Husband,9/3/20,Three Wives One Husband: Season 1: Episode 4
Three Wives One Husband,9/3/20,Three Wives One Husband: Season 1: Episode 3
Three Wives One Husband,9/1/20,Three Wives One Husband: Season 1: Episode 2
Three Wives One Husband,9/1/20,Three Wives One Husband: Season 1: Episode 1
My Hotter Half,8/30/20,My Hotter Half: Season 1: Darren & Charlotte and Matt & Rachel
Indian Matchmaking,8/30/20,"Indian Matchmaking: Season 1: Slim, Trim and Educated"
Murder Mystery,8/30/20,Murder Mystery
The Other Guys,8/30/20,The Other Guys
Kevin Hart,8/30/20,Kevin Hart: Irresponsible
Great Pretender,8/28/20,Great Pretender: Season 1: Case 1_1: Los Angeles Connection
Lucifer,8/27/20,Lucifer: Season 5: Our Mojo
Lucifer,8/27/20,Lucifer: Season 5: BlueBallz
Lucifer,8/27/20,Lucifer: Season 5: Detective Amenadiel
Lucifer,8/25/20,Lucifer: Season 5: ¡Diablo!
Lucifer,8/24/20,Lucifer: Season 5: Lucifer! Lucifer! Lucifer!
The Legend of Korra,8/24/20,The Legend of Korra: Book Four: Balance: The Last Stand
The Legend of Korra,8/24/20,The Legend of Korra: Book Four: Balance: Day of the Colossus
The Legend of Korra,8/24/20,The Legend of Korra: Book Four: Balance: Kuvira's Gambit
The Legend of Korra,8/23/20,The Legend of Korra: Book Four: Balance: Operation: Beifong
The Legend of Korra,8/23/20,The Legend of Korra: Book Four: Balance: Beyond the Wilds
The Legend of Korra,8/23/20,The Legend of Korra: Book Four: Balance: Remembrances
The Legend of Korra,8/23/20,The Legend of Korra: Book Four: Balance: Reunion
The Legend of Korra,8/22/20,The Legend of Korra: Book Four: Balance: The Battle of Zaofu
The Legend of Korra,8/22/20,The Legend of Korra: Book Four: Balance: Enemy at the Gates
The Legend of Korra,8/22/20,The Legend of Korra: Book Four: Balance: The Calling
The Legend of Korra,8/22/20,The Legend of Korra: Book Four: Balance: The Coronation
The Legend of Korra,8/22/20,The Legend of Korra: Book Four: Balance: Korra Alone
The Legend of Korra,8/22/20,The Legend of Korra: Book Four: Balance: After All These Years
The Legend of Korra,8/22/20,The Legend of Korra: Book Three: Change: Venom of the Red Lotus
The Legend of Korra,8/22/20,The Legend of Korra: Book Three: Change: Enter the Void
Django Unchained,8/22/20,Django Unchained
The Legend of Korra,8/22/20,The Legend of Korra: Book Three: Change: The Ultimatum
The Legend of Korra,8/22/20,The Legend of Korra: Book Three: Change: Long Live the Queen
The Legend of Korra,8/22/20,The Legend of Korra: Book Three: Change: The Stakeout
The Legend of Korra,8/21/20,The Legend of Korra: Book Three: Change: The Terror Within
The Legend of Korra,8/21/20,The Legend of Korra: Book Three: Change: Original Airbenders
The Legend of Korra,8/21/20,The Legend of Korra: Book Three: Change: Old Wounds
The Legend of Korra,8/21/20,The Legend of Korra: Book Three: Change: The Metal Clan
The Legend of Korra,8/20/20,The Legend of Korra: Book Three: Change: In Harm's Way
The Legend of Korra,8/20/20,The Legend of Korra: Book Three: Change: The Earth Queen
The Legend of Korra,8/20/20,The Legend of Korra: Book Three: Change: Rebirth
The Legend of Korra,8/20/20,The Legend of Korra: Book Three: Change: A Breath of Fresh Air
The Legend of Korra,8/20/20,The Legend of Korra: Book Two: Spirits: Light in the Dark
The Legend of Korra,8/19/20,The Legend of Korra: Book Two: Spirits: Darkness Falls
The Legend of Korra,8/19/20,The Legend of Korra: Book Two: Spirits: Harmonic Convergence
The Legend of Korra,8/19/20,The Legend of Korra: Book Two: Spirits: Night of a Thousand Stars
The Legend of Korra,8/19/20,The Legend of Korra: Book Two: Spirits: A New Spiritual Age
The Legend of Korra,8/18/20,The Legend of Korra: Book Two: Spirits: The Guide
The Legend of Korra,8/18/20,The Legend of Korra: Book Two: Spirits: Beginnings: Part 2
The Legend of Korra,8/18/20,The Legend of Korra: Book Two: Spirits: Beginnings: Part 1
The Legend of Korra,8/18/20,The Legend of Korra: Book Two: Spirits: The Sting
The Legend of Korra,8/18/20,The Legend of Korra: Book Two: Spirits: Peacekeepers
The Legend of Korra,8/18/20,The Legend of Korra: Book Two: Spirits: Civil Wars: Part 2
The Legend of Korra,8/18/20,The Legend of Korra: Book Two: Spirits: Civil Wars: Part 1
The Legend of Korra,8/18/20,The Legend of Korra: Book Two: Spirits: The Southern Lights
The Legend of Korra,8/17/20,The Legend of Korra: Book Two: Spirits: Rebel Spirit
The Legend of Korra,8/17/20,The Legend of Korra: Book One: Air: Endgame
The Legend of Korra,8/17/20,The Legend of Korra: Book One: Air: Skeletons in the Closet
Violet Evergarden,8/17/20,Violet Evergarden: Special: Extra Episode: Episode 1
Violet Evergarden,8/17/20,Violet Evergarden: Eternity and the Auto Memory Doll
Violet Evergarden,8/17/20,Violet Evergarden: Season 1: Episode 13
Violet Evergarden,8/17/20,Violet Evergarden: Season 1: Episode 12
The Legend of Korra,8/15/20,The Legend of Korra: Book One: Air: Turning the Tides
The Legend of Korra,8/15/20,The Legend of Korra: Book One: Air: Out of the Past
The Legend of Korra,8/15/20,The Legend of Korra: Book One: Air: When Extremes Meet
The Legend of Korra,8/15/20,The Legend of Korra: Book One: Air: The Aftermath
The Legend of Korra,8/15/20,The Legend of Korra: Book One: Air: And the Winner Is…
The Legend of Korra,8/15/20,The Legend of Korra: Book One: Air: The Spirit of Competition
The Legend of Korra,8/15/20,The Legend of Korra: Book One: Air: The Voice in the Night
The Legend of Korra,8/15/20,The Legend of Korra: Book One: Air: The Revelation
The Legend of Korra,8/15/20,The Legend of Korra: Book One: Air: A Leaf in the Wind
The Legend of Korra,8/15/20,The Legend of Korra: Book One: Air: Welcome to Republic City
Violet Evergarden,8/14/20,Violet Evergarden: Season 1: Episode 5
Violet Evergarden,8/14/20,Violet Evergarden: Season 1: Episode 4
Violet Evergarden,8/14/20,Violet Evergarden: Season 1: Episode 3
Violet Evergarden,8/14/20,Violet Evergarden: Season 1: Episode 11
Violet Evergarden,8/14/20,Violet Evergarden: Season 1: Episode 10
Violet Evergarden,8/14/20,Violet Evergarden: Season 1: Episode 9
Violet Evergarden,8/14/20,Violet Evergarden: Season 1: Episode 8
Violet Evergarden,8/14/20,Violet Evergarden: Season 1: Episode 7
Violet Evergarden,8/13/20,Violet Evergarden: Season 1: Episode 6
Ouran High School Host Club,8/13/20,Ouran High School Host Club: Season 1: This is Our Ouran Fair!
Ouran High School Host Club,8/13/20,Ouran High School Host Club: Season 1: The Host Club Declares Dissolution!
Ouran High School Host Club,8/13/20,Ouran High School Host Club: Season 1: And so Kyoya Met Him!
Ouran High School Host Club,8/13/20,Ouran High School Host Club: Season 1: Tamaki's Unwitting Depression!
Ouran High School Host Club,8/13/20,Ouran High School Host Club: Season 1: Mori-senpai Has an Apprentice Candidate!
Ouran High School Host Club,8/12/20,Ouran High School Host Club: Season 1: Until the Day it Becomes a Pumpkin!
Ouran High School Host Club,8/12/20,Ouran High School Host Club: Season 1: The Door the Twins Opened!
Ouran High School Host Club,8/12/20,Ouran High School Host Club: Season 1: Lobelia Girls' Academy Strikes Back!
Ouran High School Host Club,8/12/20,Ouran High School Host Club: Season 1: Chika's 'Down with Honey' Declaration!
Ouran High School Host Club,8/12/20,Ouran High School Host Club: Season 1: Kyoya's Reluctant Day Out!
Ouran High School Host Club,8/12/20,Ouran High School Host Club: Season 1: Operation Haruhi and Hikaru's First Date!
Ouran High School Host Club,8/12/20,Ouran High School Host Club: Season 1: The Refreshing Battle in Karuizawa!
Ouran High School Host Club,8/12/20,Ouran High School Host Club: Season 1: Covering the Famous Host Club!
Ouran High School Host Club,8/11/20,Ouran High School Host Club: Season 1: Haruhi in Wonderland!
Ouran High School Host Club,8/11/20,Ouran High School Host Club: Season 1: Honey's Three Bitter Days!
Ouran High School Host Club,8/11/20,Ouran High School Host Club: Season 1: Big Brother is a Prince!
Ouran High School Host Club,8/11/20,Ouran High School Host Club: Season 1: A Day in the Life of the Fujioka Family!
The Good Place,8/10/20,The Good Place: Season 3: Pandemonium
The Good Place,8/10/20,The Good Place: Season 3: Chidi Sees the Time-Knife
The Good Place,8/10/20,The Good Place: Season 3: The Book of Dougs
The Good Place,8/10/20,The Good Place: Season 3: Janet(s)
The Good Place,8/10/20,The Good Place: Season 3: Don't Let the Good Life Pass You By
The Good Place,8/10/20,The Good Place: Season 3: The Worst Possible Use of Free Will
The Good Place,8/10/20,The Good Place: Season 3: A Fractured Inheritance
The Good Place,8/10/20,The Good Place: Season 3: The Ballad of Donkey Doug
The Good Place,8/10/20,The Good Place: Season 3: Jeremy Bearimy
The Good Place,8/10/20,The Good Place: Season 3: The Snowplow
The Good Place,8/10/20,The Good Place: Season 3: The Brainy Bunch
The Good Place,8/10/20,The Good Place: Season 3: Everything is Bonzer
The Good Place,8/10/20,The Good Place: Season 2: Somewhere Else
The Good Place,8/10/20,The Good Place: Season 2: The Burrito
The Good Place,8/10/20,"The Good Place: Season 2: Rhonda, Diana, Jake, and Trent"
The Good Place,8/10/20,The Good Place: Season 2: Team Cockroach
The Good Place,8/9/20,The Good Place: Season 2: Dance Dance Resolution
The Good Place,8/9/20,The Good Place: Season 2: Everything Is Great!
The Good Place,8/9/20,The Good Place: Season 1: Michael's Gambit
The Good Place,8/9/20,The Good Place: Season 1: Chidi's Choice
Eric Andre,8/9/20,Eric Andre: Legalize Everything
Scott Pilgrim vs. the World,7/28/20,Scott Pilgrim vs. the World
New Girl,7/26/20,New Girl: Season 3: Mars Landing
New Girl,7/26/20,New Girl: Season 3: Fired Up
New Girl,7/25/20,New Girl: Season 3: Longest Night Ever
Back to the Future,7/22/20,Back to the Future
Haikyu!!,7/20/20,Haikyu!!: The End & the Beginning
Grey's Anatomy,7/14/20,Grey's Anatomy: Season 1: A Hard Day's Night
Devilman Crybaby,7/14/20,Devilman Crybaby: Limited Series: Crybaby
Devilman Crybaby,7/14/20,"Devilman Crybaby: Limited Series: Go to Hell, You Mortals"
Devilman Crybaby,7/14/20,Devilman Crybaby: Limited Series: I Must Know Myself
Devilman Crybaby,7/14/20,"Devilman Crybaby: Limited Series: Weak Humans, Wise Demons"
Gilmore Girls,7/13/20,Gilmore Girls: Season 7: Merry Fisticuffs
Gilmore Girls,7/13/20,"Gilmore Girls: Season 7: Knit, People, Knit"
Gilmore Girls,7/13/20,Gilmore Girls: Season 7: Introducing Lorelai Planetarium
Devilman Crybaby,7/11/20,Devilman Crybaby: Limited Series: Neither Demon Nor Human
Devilman Crybaby,7/10/20,Devilman Crybaby: Limited Series: Beautiful Silene
Devilman Crybaby,7/10/20,"Devilman Crybaby: Limited Series: Come, Akira"
Devilman Crybaby,7/10/20,Devilman Crybaby: Limited Series: Believe Me!
Devilman Crybaby,7/10/20,Devilman Crybaby: Limited Series: One Hand Is Enough
Devilman Crybaby,7/10/20,Devilman Crybaby: Limited Series: I Need You
Gilmore Girls,6/30/20,"Gilmore Girls: Season 5: A Messenger, Nothing More"
The Kissing Booth,6/19/20,The Kissing Booth
Moonlight,6/15/20,Moonlight
Lucifer,6/14/20,Lucifer: Season 4: Who's da New King of Hell?
Lucifer,6/13/20,Lucifer: Season 4: Super Bad Boyfriend
Lucifer,6/13/20,Lucifer: Season 4: Devil Is as Devil Does
Lucifer,6/13/20,Lucifer: Season 4: Orgy Pants to Work
Taare Zameen Par,6/12/20,Taare Zameen Par
Lucifer,6/12/20,Lucifer: Season 4: Expire Erect
Lucifer,6/11/20,Lucifer: Season 4: All About Eve
Lucifer,6/10/20,"Lucifer: Season 4: O, Ye of Little Faith, Father"
Lucifer,6/10/20,Lucifer: Season 4: Somebody’s Been Reading Dante’s Inferno
Lucifer,6/10/20,Lucifer: Season 4: Everything's Okay
Lucifer,6/10/20,Lucifer: Season 3: Once Upon a Time
Lucifer,6/9/20,Lucifer: Season 3: Boo Normal
Lucifer,6/9/20,Lucifer: Season 3: A Devil of My Word
Lucifer,6/9/20,Lucifer: Season 3: Quintessential Deckerstar
Lucifer,6/9/20,Lucifer: Season 3: All Hands on Decker
Lucifer,6/9/20,Lucifer: Season 3: Anything Pierce Can Do I Can Do Better
Lucifer,6/9/20,Lucifer: Season 3: Let Pinhead Sing!
Lucifer,6/7/20,Lucifer: Season 3: Infernal Guinea Pig
Lucifer,6/7/20,Lucifer: Season 3: High School Poppycock
Lucifer,6/7/20,Lucifer: Season 3: My Brother's Keeper
Lucifer,6/7/20,Lucifer: Season 3: 'Til Death Do Us Part
Lucifer,6/7/20,Lucifer: Season 3: All About Her
Lucifer,6/7/20,Lucifer: Season 3: City of Angels?
Lucifer,6/7/20,Lucifer: Season 3: The Sin Bin
Lucifer,6/6/20,Lucifer: Season 3: The Sinnerman
Lucifer,6/6/20,Lucifer: Season 3: Chloe Does Lucifer
Lucifer,6/6/20,Lucifer: Season 3: Off the Record
Lucifer,6/5/20,Lucifer: Season 3: Vegas with Some Radish
Lucifer,6/5/20,"Lucifer: Season 3: Welcome Back, Charlotte Richards"
Lucifer,6/5/20,Lucifer: Season 3: Mr. and Mrs. Mazikeen Smith
Lucifer,6/4/20,Lucifer: Season 3: The One with the Baby Carrot
Lucifer,6/4/20,"Lucifer: Season 3: They're Back, Aren't They?"
Lucifer,6/4/20,Lucifer: Season 2: Sympathy for the Goddess
Lucifer,6/3/20,Lucifer: Season 2: God Johnson
Lucifer,6/2/20,Lucifer: Season 2: A Good Day to Die
Lucifer,6/2/20,Lucifer: Season 2: Love Handles
Lucifer,6/1/20,Lucifer: Season 2: Trip to Stabby Town
Lucifer,5/31/20,Lucifer: Season 2: Lady Parts
Lucifer,5/31/20,Lucifer: Season 2: Sin-Eater
Lucifer,5/30/20,"Lucifer: Season 2: Liar, Liar, Slutty Dress on Fire"
Lucifer,5/29/20,Lucifer: Season 2: Everything's Coming Up Lucifer
Lucifer,5/29/20,Lucifer: Season 1: Take Me Back to Hell
Lucifer,5/28/20,Lucifer: Season 1: A Priest Walks into a Bar
Lucifer,5/28/20,"Lucifer: Season 1: Et Tu, Doctor?"
Lucifer,5/24/20,Lucifer: Season 1: Pilot
Tiger King,5/21/20,Tiger King: Dethroned
Tiger King,5/21/20,Tiger King: The Noble Thing to Do
Tiger King,5/17/20,Tiger King: Make America Exotic Again
Tiger King,5/17/20,Tiger King: Playing with Fire
Tiger King,5/12/20,Tiger King: The Secret
Tiger King,4/13/20,Tiger King: Cult of Personality
Tiger King,4/12/20,Tiger King: Not Your Average Joe
BoJack Horseman,4/1/20,"BoJack Horseman: Season 1: BoJack Horseman: The BoJack Horseman Story, Chapter One"